match_id,role,raw_name,mapped_name,canonical_athlete_id,sex,weight_class,year
3314,winner,Murilo Santana,Murilo Santana,athlete_murilo-santana-m,M,ABS,2011
3314,loser,Vinicius Magalhaes,Vinicius Magalhaes,athlete_vinicius-magalhaes-m,M,ABS,2011
35049,winner,Nicholas Meregali,Nicholas Meregali,athlete_nicholas-meregali-m,M,99KG,2022
35049,loser,Henrique Cardoso,Henrique Cardoso,athlete_henrique-cardoso-m,M,99KG,2022
35053,winner,Nicholas Meregali,Nicholas Meregali,athlete_nicholas-meregali-m,M,99KG,2022
35053,loser,Yuri Simoes,Yuri Simoes,athlete_yuri-simoes-m,M,99KG,2022
35057,winner,Nicholas Meregali,Nicholas Meregali,athlete_nicholas-meregali-m,M,99KG,2022
35057,loser,Rafael Lovato Jr,Rafael Lovato Jr,athlete_rafael-lovato-jr-m,M,99KG,2022
35096,winner,Nicholas Meregali,Nicholas Meregali,athlete_nicholas-meregali-m,M,ABS,2022
35096,loser,Giancarlo Bodoni,Giancarlo Bodoni,athlete_giancarlo-bodoni-m,M,ABS,2022
35100,winner,Nicholas Meregali,Nicholas Meregali,athlete_nicholas-meregali-m,M,ABS,2022
35100,loser,Tye Ruotolo,Tye Ruotolo,athlete_tye-ruotolo-m,M,ABS,2022
21816,winner,Nick Rodriguez,Nick Rodriguez,athlete_nick-rodriguez-m,M,+99KG,2019
21816,loser,Mahamed Aly,Mahamed Aly,athlete_mahamed-aly-m,M,+99KG,2019
21822,winner,Nick Rodriguez,Nick Rodriguez,athlete_nick-rodriguez-m,M,+99KG,2019
21822,loser,Orlando Sanchez,Orlando Sanchez,athlete_orlando-sanchez-m,M,+99KG,2019
21883,winner,Nick Rodriguez,Nick Rodriguez,athlete_nick-rodriguez-m,M,+99KG,2019
21883,loser,Roberto Abreu,Roberto Abreu,athlete_roberto-abreu-m,M,+99KG,2019
35071,winner,Nick Rodriguez,Nick Rodriguez,athlete_nick-rodriguez-m,M,+99KG,2022
35071,loser,Felipe Pena,Felipe Pena,athlete_felipe-pena-m,M,+99KG,2022
35088,winner,Nick Rodriguez,Nick Rodriguez,athlete_nick-rodriguez-m,M,ABS,2022
35088,loser,Andy Varela,Andy Varela,athlete_andy-varela-m,M,ABS,2022
5004,winner,Otavio Sousa,Otavio Sousa,athlete_otavio-sousa-m,M,77KG,2013
5004,loser,Leonardo Vieira,Leonardo Vieira,athlete_leonardo-vieira-m,M,77KG,2013
7948,winner,Otavio Sousa,Otavio Sousa,athlete_otavio-sousa-m,M,77KG,2015
7948,loser,Vagner Rocha,Vagner Rocha,athlete_vagner-rocha-m,M,77KG,2015
7902,winner,Orlando Sanchez,Orlando Sanchez,athlete_orlando-sanchez-m,M,+99KG,2015
7902,loser,Dean Lister,Dean Lister,athlete_dean-lister-m,M,+99KG,2015
7905,winner,Orlando Sanchez,Orlando Sanchez,athlete_orlando-sanchez-m,M,+99KG,2015
7905,loser,Vinicius Magalhaes,Vinicius Magalhaes,athlete_vinicius-magalhaes-m,M,+99KG,2015
7908,winner,Orlando Sanchez,Orlando Sanchez,athlete_orlando-sanchez-m,M,+99KG,2015
7908,loser,Jared Dopp,Jared Dopp,athlete_jared-dopp-m,M,+99KG,2015
13856,winner,Orlando Sanchez,Orlando Sanchez,athlete_orlando-sanchez-m,M,+99KG,2017
13856,loser,Jared Dopp,Jared Dopp,athlete_jared-dopp-m,M,+99KG,2017
13918,winner,Pablo Mantovani,Pablo Mantovani,athlete_pablo-mantovani-m,M,66KG,2017
13918,loser,Augusto Mendes,Augusto Mendes,athlete_augusto-mendes-m,M,66KG,2017
21864,winner,Pablo Mantovani,Pablo Mantovani,athlete_pablo-mantovani-m,M,66KG,2019
21864,loser,Thomas Halpin,Thomas Halpin,athlete_thomas-halpin-m,M,66KG,2019
777,winner,Pablo Popovitch,Pablo Popovitch,athlete_pablo-popovitch-m,M,77KG,2003
777,loser,Marcio Feitosa,Marcio Feitosa,athlete_marcio-feitosa-m,M,77KG,2003
1176,winner,Pablo Popovitch,Pablo Popovitch,athlete_pablo-popovitch-m,M,77KG,2005
1176,loser,Renzo Gracie,Renzo Gracie,athlete_renzo-gracie-m,M,77KG,2005
1181,winner,Pablo Popovitch,Pablo Popovitch,athlete_pablo-popovitch-m,M,77KG,2005
1181,loser,Jake Shields,Jake Shields,athlete_jake-shields-m,M,77KG,2005
1691,winner,Pablo Popovitch,Pablo Popovitch,athlete_pablo-popovitch-m,M,77KG,2007
1691,loser,Andre Galvao,Andre Galvao,athlete_andre-galvao-m,M,77KG,2007
2257,winner,Pablo Popovitch,Pablo Popovitch,athlete_pablo-popovitch-m,M,77KG,2009
2257,loser,Marcelo Garcia,Marcelo Garcia,athlete_marcelo-garcia-m,M,77KG,2009
3270,winner,Pablo Popovitch,Pablo Popovitch,athlete_pablo-popovitch-m,M,88KG,2011
3270,loser,Sergio Moraes,Sergio Moraes,athlete_sergio-moraes-m,M,88KG,2011
3292,winner,Pablo Popovitch,Pablo Popovitch,athlete_pablo-popovitch-m,M,88KG,2011
3292,loser,Rafael Lovato Jr,Rafael Lovato Jr,athlete_rafael-lovato-jr-m,M,88KG,2011
3312,winner,Pablo Popovitch,Pablo Popovitch,athlete_pablo-popovitch-m,M,ABS,2011
3312,loser,Victor Estima,Victor Estima,athlete_victor-estima-m,M,ABS,2011
35012,winner,Paul Schreiner,Paul Schreiner,athlete_paul-schreiner-m,M,77KG,2022
35012,loser,Tommy Langaker,Tommy Langaker,athlete_tommy-langaker-m,M,77KG,2022
13917,winner,Paulo Miyao,Paulo Miyao,athlete_paulo-miyao-m,M,66KG,2017
13917,loser,Geovanny Martinez,Geovanny Martinez,athlete_geovanny-martinez-m,M,66KG,2017
13922,winner,Paulo Miyao,Paulo Miyao,athlete_paulo-miyao-m,M,66KG,2017
13922,loser,Pablo Mantovani,Pablo Mantovani,athlete_pablo-mantovani-m,M,66KG,2017
21898,winner,Paulo Miyao,Paulo Miyao,athlete_paulo-miyao-m,M,66KG,2019
21898,loser,Tye Ruotolo,Tye Ruotolo,athlete_tye-ruotolo-m,M,66KG,2019
35064,winner,Rida Haisam,Rida Haisam,athlete_rida-haisam-m,M,+99KG,2022
35064,loser,Roberto Abreu,Roberto Abreu,athlete_roberto-abreu-m,M,+99KG,2022
5048,winner,Roberto Abreu,Roberto Abreu,athlete_roberto-abreu-m,M,+99KG,2013
5048,loser,Orlando Sanchez,Orlando Sanchez,athlete_orlando-sanchez-m,M,+99KG,2013
5051,winner,Roberto Abreu,Roberto Abreu,athlete_roberto-abreu-m,M,+99KG,2013
5051,loser,Jared Dopp,Jared Dopp,athlete_jared-dopp-m,M,+99KG,2013
5058,winner,Roberto Abreu,Roberto Abreu,athlete_roberto-abreu-m,M,ABS,2013
5058,loser,Gary Tonon,Gary Tonon,athlete_gary-tonon-m,M,ABS,2013
5062,winner,Roberto Abreu,Roberto Abreu,athlete_roberto-abreu-m,M,ABS,2013
5062,loser,Keenan Cornelius,Keenan Cornelius,athlete_keenan-cornelius-m,M,ABS,2013
5065,winner,Roberto Abreu,Roberto Abreu,athlete_roberto-abreu-m,M,ABS,2013
5065,loser,Marcus Almeida,Marcus Almeida,athlete_marcus-almeida-m,M,ABS,2013
13855,winner,Roberto Abreu,Roberto Abreu,athlete_roberto-abreu-m,M,+99KG,2017
13855,loser,Victor Honorio,Victor Honorio,athlete_victor-honorio-m,M,+99KG,2017
13858,winner,Roberto Abreu,Roberto Abreu,athlete_roberto-abreu-m,M,+99KG,2017
13858,loser,Jared Dopp,Jared Dopp,athlete_jared-dopp-m,M,+99KG,2017
35090,winner,Roberto Abreu,Roberto Abreu,athlete_roberto-abreu-m,M,ABS,2022
35090,loser,Elder Cruz,Elder Cruz,athlete_elder-cruz-m,M,ABS,2022
35017,winner,Roberto Jimenez,Roberto Jimenez,athlete_roberto-jimenez-m,M,77KG,2022
35017,loser,Andy Varela,Andy Varela,athlete_andy-varela-m,M,77KG,2022
505,winner,Robson Moura,Robson Moura,athlete_robson-moura-m,M,66KG,2001
505,loser,Alexandre de Freitas,Alexandre de Freitas,athlete_alexandre-de-freitas-m,M,66KG,2001
7919,winner,Rodolfo Vieira,Rodolfo Vieira,athlete_rodolfo-vieira-m,M,99KG,2015
7919,loser,Cassio Francis,Cassio Francis,athlete_cassio-francis-m,M,99KG,2015
7923,winner,Rodolfo Vieira,Rodolfo Vieira,athlete_rodolfo-vieira-m,M,99KG,2015
7923,loser,Felipe Pena,Felipe Pena,athlete_felipe-pena-m,M,99KG,2015
7995,winner,Rodolfo Vieira,Rodolfo Vieira,athlete_rodolfo-vieira-m,M,ABS,2015
7995,loser,Rafael Lovato Jr,Rafael Lovato Jr,athlete_rafael-lovato-jr-m,M,ABS,2015
460,winner,Rodrigo Medeiros,Rodrigo Medeiros,athlete_rodrigo-medeiros-m,M,ABS,2000
460,loser,Roberto Magalhaes,Roberto Magalhaes,athlete_roberto-magalhaes-m,M,ABS,2000
801,winner,Roger Gracie,Roger Gracie,athlete_roger-gracie-m,M,99KG,2003
801,loser,Jose Mario Sperry,Jose Mario Sperry,athlete_jose-mario-sperry-m,M,99KG,2003
803,winner,Roger Gracie,Roger Gracie,athlete_roger-gracie-m,M,99KG,2003
803,loser,Rigan Machado,Rigan Machado,athlete_rigan-machado-m,M,99KG,2003
1200,winner,Roger Gracie,Roger Gracie,athlete_roger-gracie-m,M,99KG,2005
1200,loser,Eduardo Telles,Eduardo Telles,athlete_eduardo-telles-m,M,99KG,2005
1235,winner,Roger Gracie,Roger Gracie,athlete_roger-gracie-m,M,ABS,2005
1235,loser,Ronaldo Souza,Ronaldo Souza,athlete_ronaldo-souza-m,M,ABS,2005
5019,winner,Romulo Barral,Romulo Barral,athlete_romulo-barral-m,M,88KG,2013
5019,loser,Keenan Cornelius,Keenan Cornelius,athlete_keenan-cornelius-m,M,88KG,2013
5021,winner,Romulo Barral,Romulo Barral,athlete_romulo-barral-m,M,88KG,2013
5021,loser,Rafael Lovato Jr,Rafael Lovato Jr,athlete_rafael-lovato-jr-m,M,88KG,2013
795,winner,Ronaldo Souza,Ronaldo Souza,athlete_ronaldo-souza-m,M,88KG,2003
795,loser,Ricardo Almeida,Ricardo Almeida,athlete_ricardo-almeida-m,M,88KG,2003
1195,winner,Ronaldo Souza,Ronaldo Souza,athlete_ronaldo-souza-m,M,88KG,2005
1195,loser,Demian Maia,Demian Maia,athlete_demian-maia-m,M,88KG,2005
1232,winner,Ronaldo Souza,Ronaldo Souza,athlete_ronaldo-souza-m,M,ABS,2005
1232,loser,Marcelo Garcia,Marcelo Garcia,athlete_marcelo-garcia-m,M,ABS,2005
35060,winner,Roosevelt Sousa,Roosevelt Sousa,athlete_roosevelt-sousa-m,M,+99KG,2022
35060,loser,Joao Gabriel Rocha,Joao Gabriel Rocha,athlete_joao-gabriel-rocha-m,M,+99KG,2022
35067,winner,Roosevelt Sousa,Roosevelt Sousa,athlete_roosevelt-sousa-m,M,+99KG,2022
35067,loser,Rida Haisam,Rida Haisam,athlete_rida-haisam-m,M,+99KG,2022
21842,winner,Adam Wardzinski,Adam Wardzinski,athlete_adam-wardzinski-m,M,88KG,2019
21842,loser,Michael Perez,Michael Perez,athlete_michael-perez-m,M,88KG,2019
2267,winner,Braulio Estima,Braulio Estima,athlete_braulio-estima-m,M,88KG,2009
2267,loser,Rafael Lovato Jr,Rafael Lovato Jr,athlete_rafael-lovato-jr-m,M,88KG,2009
2269,winner,Braulio Estima,Braulio Estima,athlete_braulio-estima-m,M,88KG,2009
2269,loser,Andre Galvao,Andre Galvao,athlete_andre-galvao-m,M,88KG,2009
2303,winner,Braulio Estima,Braulio Estima,athlete_braulio-estima-m,M,ABS,2009
2303,loser,Marcelo Garcia,Marcelo Garcia,athlete_marcelo-garcia-m,M,ABS,2009
2306,winner,Braulio Estima,Braulio Estima,athlete_braulio-estima-m,M,ABS,2009
2306,loser,Vinicius Magalhaes,Vinicius Magalhaes,athlete_vinicius-magalhaes-m,M,ABS,2009
3321,winner,Braulio Estima,Braulio Estima,athlete_braulio-estima-m,M,ABS,2011
3321,loser,Ronaldo Souza,Ronaldo Souza,athlete_ronaldo-souza-m,M,ABS,2011
13897,winner,Celso Vinicius,Celso Vinicius,athlete_celso-vinicius-m,M,77KG,2017
13897,loser,Enrico Cocco,Enrico Cocco,athlete_enrico-cocco-m,M,77KG,2017
21856,winner,Celso Vinicius,Celso Vinicius,athlete_celso-vinicius-m,M,77KG,2019
21856,loser,Edwin Najmi,Edwin Najmi,athlete_edwin-najmi-m,M,77KG,2019
3266,winner,Claudio Calasans,Claudio Calasans,athlete_claudio-calasans-m,M,77KG,2011
3266,loser,Augusto Mendes,Augusto Mendes,athlete_augusto-mendes-m,M,77KG,2011
7987,winner,Claudio Calasans,Claudio Calasans,athlete_claudio-calasans-m,M,ABS,2015
7987,loser,Gabriel Lucas,Gabriel Lucas,athlete_gabriel-lucas-m,M,ABS,2015
7994,winner,Claudio Calasans,Claudio Calasans,athlete_claudio-calasans-m,M,ABS,2015
7994,loser,Vinicius Magalhaes,Vinicius Magalhaes,athlete_vinicius-magalhaes-m,M,ABS,2015
7998,winner,Claudio Calasans,Claudio Calasans,athlete_claudio-calasans-m,M,ABS,2015
7998,loser,Yuri Simoes,Yuri Simoes,athlete_yuri-simoes-m,M,ABS,2015
7968,winner,Bruno Frazatto,Bruno Frazatto,athlete_bruno-frazatto-m,M,66KG,2015
7968,loser,Geovanny Martinez,Geovanny Martinez,athlete_geovanny-martinez-m,M,66KG,2015
13885,winner,Craig Jones,Craig Jones,athlete_craig-jones-m,M,88KG,2017
13885,loser,Murilo Santana,Murilo Santana,athlete_murilo-santana-m,M,88KG,2017
21845,winner,Craig Jones,Craig Jones,athlete_craig-jones-m,M,88KG,2019
21845,loser,Mason Fowler,Mason Fowler,athlete_mason-fowler-m,M,88KG,2019
21888,winner,Craig Jones,Craig Jones,athlete_craig-jones-m,M,88KG,2019
21888,loser,Jon Blank,Jon Blank,athlete_jon-blank-m,M,88KG,2019
35052,winner,Craig Jones,Craig Jones,athlete_craig-jones-m,M,99KG,2022
35052,loser,Kyle Boehm,Kyle Boehm,athlete_kyle-boehm-m,M,99KG,2022
35055,winner,Craig Jones,Craig Jones,athlete_craig-jones-m,M,99KG,2022
35055,loser,Nicholas Meregali,Nicholas Meregali,athlete_nicholas-meregali-m,M,99KG,2022
35078,winner,Brianna Ste-Marie,Brianna Ste-Marie,athlete_brianna-stemarie-f,F,60KG,2022
35078,loser,Bianca Basilio,Bianca Basilio,athlete_bianca-basilio-f,F,60KG,2022
21853,winner,Dante Leon,Dante Leon,athlete_dante-leon-m,M,77KG,2019
21853,loser,Jonathan Satava,Jonathan Satava,athlete_jonathan-satava-m,M,77KG,2019
21859,winner,Dante Leon,Dante Leon,athlete_dante-leon-m,M,77KG,2019
21859,loser,Lucas Lepri,Lucas Lepri,athlete_lucas-lepri-m,M,77KG,2019
35025,winner,Dante Leon,Dante Leon,athlete_dante-leon-m,M,77KG,2022
35025,loser,Paul Schreiner,Paul Schreiner,athlete_paul-schreiner-m,M,77KG,2022
7953,winner,Davi Ramos,Davi Ramos,athlete_davi-ramos-m,M,77KG,2015
7953,loser,Gilbert Burns,Gilbert Burns,athlete_gilbert-burns-m,M,77KG,2015
7955,winner,Davi Ramos,Davi Ramos,athlete_davi-ramos-m,M,77KG,2015
7955,loser,Lucas Lepri,Lucas Lepri,athlete_lucas-lepri-m,M,77KG,2015
798,winner,David Terrell,David Terrell,athlete_david-terrell-m,M,88KG,2003
798,loser,Ricardo Almeida,Ricardo Almeida,athlete_ricardo-almeida-m,M,88KG,2003
1701,winner,Demian Maia,Demian Maia,athlete_demian-maia-m,M,88KG,2007
1701,loser,Rafael Lovato Jr,Rafael Lovato Jr,athlete_rafael-lovato-jr-m,M,88KG,2007
1703,winner,Demian Maia,Demian Maia,athlete_demian-maia-m,M,88KG,2007
1703,loser,Tarsis Humpreys,Tarsis Humpreys,athlete_tarsis-humpreys-m,M,88KG,2007
34999,winner,Diego Oliveira,Diego Oliveira,athlete_diego-oliveira-m,M,66KG,2022
34999,loser,Keith Krikorian,Keith Krikorian,athlete_keith-krikorian-m,M,66KG,2022
35009,winner,Diego Oliveira,Diego Oliveira,athlete_diego-oliveira-m,M,66KG,2022
35009,loser,Joshua Cisneros,Joshua Cisneros,athlete_joshua-cisneros-m,M,66KG,2022
35002,winner,Diogo Reis,Diogo Reis,athlete_diogo-reis-m,M,66KG,2022
35002,loser,Fabricio Andrey,Fabricio Andrey,athlete_fabricio-andrey-m,M,66KG,2022
35007,winner,Diogo Reis,Diogo Reis,athlete_diogo-reis-m,M,66KG,2022
35007,loser,Joshua Cisneros,Joshua Cisneros,athlete_joshua-cisneros-m,M,66KG,2022
35008,winner,Diogo Reis,Diogo Reis,athlete_diogo-reis-m,M,66KG,2022
35008,loser,Gabriel Sousa,Gabriel Sousa,athlete_gabriel-sousa-m,M,66KG,2022
767,winner,Eddie Bravo,Eddie Bravo,athlete_eddie-bravo-m,M,66KG,2003
767,loser,Royler Gracie,Royler Gracie,athlete_royler-gracie-m,M,66KG,2003
826,winner,Dean Lister,Dean Lister,athlete_dean-lister-m,M,ABS,2003
826,loser,Marcio Cruz,Marcio Cruz,athlete_marcio-cruz-m,M,ABS,2003
3298,winner,Dean Lister,Dean Lister,athlete_dean-lister-m,M,99KG,2011
3298,loser,Joao Assis,Joao Assis,athlete_joao-assis-m,M,99KG,2011
5060,winner,Dean Lister,Dean Lister,athlete_dean-lister-m,M,ABS,2013
5060,loser,Joao Gabriel Rocha,Joao Gabriel Rocha,athlete_joao-gabriel-rocha-m,M,ABS,2013
13894,winner,DeAlonzio Jackson,DeAlonzio Jackson,athlete_dealonzio-jackson-m,M,77KG,2017
13894,loser,Leonardo Saggioro,Leonardo Saggioro,athlete_leonardo-saggioro-m,M,77KG,2017
21849,winner,DeAlonzio Jackson,DeAlonzio Jackson,athlete_dealonzio-jackson-m,M,77KG,2019
21849,loser,John Combs,John Combs,athlete_john-combs-m,M,77KG,2019
21843,winner,Gabriel Arges,Gabriel Arges,athlete_gabriel-arges-m,M,88KG,2019
21843,loser,Alec Baulding,Alec Baulding,athlete_alec-baulding-m,M,88KG,2019
34996,winner,Gabriel Sousa,Gabriel Sousa,athlete_gabriel-sousa-m,M,66KG,2022
34996,loser,Ruan Alvarenga,Ruan Alvarenga,athlete_ruan-alvarenga-m,M,66KG,2022
35005,winner,Gabriel Sousa,Gabriel Sousa,athlete_gabriel-sousa-m,M,66KG,2022
35005,loser,Jeremy Skinner,Jeremy Skinner,athlete_jeremy-skinner-m,M,66KG,2022
7943,winner,Gary Tonon,Gary Tonon,athlete_gary-tonon-m,M,77KG,2015
7943,loser,Dillon Danis,Dillon Danis,athlete_dillon-danis-m,M,77KG,2015
13903,winner,Gary Tonon,Gary Tonon,athlete_gary-tonon-m,M,77KG,2017
13903,loser,Marcelo Mafra,Marcelo Mafra,athlete_marcelo-mafra-m,M,77KG,2017
21858,winner,Gary Tonon,Gary Tonon,athlete_gary-tonon-m,M,77KG,2019
21858,loser,Renato Forasieppi Canuto,Renato Forasieppi Canuto,athlete_renato-forasieppi-canuto-m,M,77KG,2019
21894,winner,Gary Tonon,Gary Tonon,athlete_gary-tonon-m,M,77KG,2019
21894,loser,Dante Leon,Dante Leon,athlete_dante-leon-m,M,77KG,2019
21906,winner,Gary Tonon,Gary Tonon,athlete_gary-tonon-m,M,ABS,2019
21906,loser,Edwin Najmi,Edwin Najmi,athlete_edwin-najmi-m,M,ABS,2019
35028,winner,Giancarlo Bodoni,Giancarlo Bodoni,athlete_giancarlo-bodoni-m,M,88KG,2022
35028,loser,Isaque Bahiense,Isaque Bahiense,athlete_isaque-bahiense-m,M,88KG,2022
35040,winner,Giancarlo Bodoni,Giancarlo Bodoni,athlete_giancarlo-bodoni-m,M,88KG,2022
35040,loser,Lucas Daniel Barbosa,Lucas Daniel Barbosa,athlete_lucas-daniel-barbosa-m,M,88KG,2022
35094,winner,Giancarlo Bodoni,Giancarlo Bodoni,athlete_giancarlo-bodoni-m,M,ABS,2022
35094,loser,Rida Haisam,Rida Haisam,athlete_rida-haisam-m,M,ABS,2022
7959,winner,Gianni Grippo,Gianni Grippo,athlete_gianni-grippo-m,M,66KG,2015
7959,loser,Gabriel Marangoni,Gabriel Marangoni,athlete_gabriel-marangoni-m,M,66KG,2015
7946,winner,Gilbert Burns,Gilbert Burns,athlete_gilbert-burns-m,M,77KG,2015
7946,loser,Lachlan Giles,Lachlan Giles,athlete_lachlan-giles-m,M,77KG,2015
13883,winner,Gordon Ryan,Gordon Ryan,athlete_gordon-ryan-m,M,88KG,2017
13883,loser,Dillon Danis,Dillon Danis,athlete_dillon-danis-m,M,88KG,2017
13887,winner,Gordon Ryan,Gordon Ryan,athlete_gordon-ryan-m,M,88KG,2017
13887,loser,Romulo Barral,Romulo Barral,athlete_romulo-barral-m,M,88KG,2017
13891,winner,Gordon Ryan,Gordon Ryan,athlete_gordon-ryan-m,M,88KG,2017
13891,loser,Keenan Cornelius,Keenan Cornelius,athlete_keenan-cornelius-m,M,88KG,2017
13931,winner,Gordon Ryan,Gordon Ryan,athlete_gordon-ryan-m,M,ABS,2017
13931,loser,Roberto Abreu,Roberto Abreu,athlete_roberto-abreu-m,M,ABS,2017
13935,winner,Gordon Ryan,Gordon Ryan,athlete_gordon-ryan-m,M,ABS,2017
13935,loser,Craig Jones,Craig Jones,athlete_craig-jones-m,M,ABS,2017
13936,winner,Gordon Ryan,Gordon Ryan,athlete_gordon-ryan-m,M,ABS,2017
13936,loser,Mahamed Aly,Mahamed Aly,athlete_mahamed-aly-m,M,ABS,2017
21833,winner,Gordon Ryan,Gordon Ryan,athlete_gordon-ryan-m,M,99KG,2019
21833,loser,Tim Spriggs,Tim Spriggs,athlete_tim-spriggs-m,M,99KG,2019
21885,winner,Gordon Ryan,Gordon Ryan,athlete_gordon-ryan-m,M,99KG,2019
21885,loser,Lucas Daniel Barbosa,Lucas Daniel Barbosa,athlete_lucas-daniel-barbosa-m,M,99KG,2019
21903,winner,Gordon Ryan,Gordon Ryan,athlete_gordon-ryan-m,M,ABS,2019
21903,loser,Pedro Marinho,Pedro Marinho,athlete_pedro-marinho-m,M,ABS,2019
21910,winner,Gordon Ryan,Gordon Ryan,athlete_gordon-ryan-m,M,ABS,2019
21910,loser,Gary Tonon,Gary Tonon,athlete_gary-tonon-m,M,ABS,2019
21915,winner,Gordon Ryan,Gordon Ryan,athlete_gordon-ryan-m,M,ABS,2019
21915,loser,Marcus Almeida,Marcus Almeida,athlete_marcus-almeida-m,M,ABS,2019
35070,winner,Gordon Ryan,Gordon Ryan,athlete_gordon-ryan-m,M,+99KG,2022
35070,loser,Roosevelt Sousa,Roosevelt Sousa,athlete_roosevelt-sousa-m,M,+99KG,2022
35072,winner,Gordon Ryan,Gordon Ryan,athlete_gordon-ryan-m,M,+99KG,2022
35072,loser,Nick Rodriguez,Nick Rodriguez,athlete_nick-rodriguez-m,M,+99KG,2022
2229,winner,Justin Rader,Justin Rader,athlete_justin-rader-m,M,66KG,2009
2229,loser,Baret Yoshida,Baret Yoshida,athlete_baret-yoshida-m,M,66KG,2009
4989,winner,Justin Rader,Justin Rader,athlete_justin-rader-m,M,66KG,2013
4989,loser,Joao Miyao,Joao Miyao,athlete_joao-miyao-m,M,66KG,2013
5006,winner,Keenan Cornelius,Keenan Cornelius,athlete_keenan-cornelius-m,M,88KG,2013
5006,loser,Clark Gracie,Clark Gracie,athlete_clark-gracie-m,M,88KG,2013
5020,winner,Keenan Cornelius,Keenan Cornelius,athlete_keenan-cornelius-m,M,88KG,2013
5020,loser,Pablo Popovitch,Pablo Popovitch,athlete_pablo-popovitch-m,M,88KG,2013
5064,winner,Keenan Cornelius,Keenan Cornelius,athlete_keenan-cornelius-m,M,ABS,2013
5064,loser,Dean Lister,Dean Lister,athlete_dean-lister-m,M,ABS,2013
7933,winner,Keenan Cornelius,Keenan Cornelius,athlete_keenan-cornelius-m,M,88KG,2015
7933,loser,Claudio Calasans,Claudio Calasans,athlete_claudio-calasans-m,M,88KG,2015
13888,winner,Keenan Cornelius,Keenan Cornelius,athlete_keenan-cornelius-m,M,88KG,2017
13888,loser,Craig Jones,Craig Jones,athlete_craig-jones-m,M,88KG,2017
3265,winner,Kron Gracie,Kron Gracie,athlete_kron-gracie-m,M,77KG,2011
3265,loser,Murilo Santana,Murilo Santana,athlete_murilo-santana-m,M,77KG,2011
3291,winner,Kron Gracie,Kron Gracie,athlete_kron-gracie-m,M,77KG,2011
3291,loser,Claudio Calasans,Claudio Calasans,athlete_claudio-calasans-m,M,77KG,2011
5002,winner,Kron Gracie,Kron Gracie,athlete_kron-gracie-m,M,77KG,2013
5002,loser,Gary Tonon,Gary Tonon,athlete_gary-tonon-m,M,77KG,2013
7951,winner,Lucas Lepri,Lucas Lepri,athlete_lucas-lepri-m,M,77KG,2015
7951,loser,Gary Tonon,Gary Tonon,athlete_gary-tonon-m,M,77KG,2015
13900,winner,Lucas Lepri,Lucas Lepri,athlete_lucas-lepri-m,M,77KG,2017
13900,loser,Mansher Khera,Mansher Khera,athlete_mansher-khera-m,M,77KG,2017
21854,winner,Lucas Lepri,Lucas Lepri,athlete_lucas-lepri-m,M,77KG,2019
21854,loser,Lachlan Giles,Lachlan Giles,athlete_lachlan-giles-m,M,77KG,2019
21826,winner,Lucas Daniel Barbosa,Lucas Daniel Barbosa,athlete_lucas-daniel-barbosa-m,M,99KG,2019
21826,loser,Perttu Tepponen,Perttu Tepponen,athlete_perttu-tepponen-m,M,99KG,2019
21834,winner,Lucas Daniel Barbosa,Lucas Daniel Barbosa,athlete_lucas-daniel-barbosa-m,M,99KG,2019
21834,loser,Patrick Gaudio,Patrick Gaudio,athlete_patrick-gaudio-m,M,99KG,2019
35027,winner,Lucas Daniel Barbosa,Lucas Daniel Barbosa,athlete_lucas-daniel-barbosa-m,M,88KG,2022
35027,loser,Santeri Lilius,Santeri Lilius,athlete_santeri-lilius-m,M,88KG,2022
35035,winner,Lucas Daniel Barbosa,Lucas Daniel Barbosa,athlete_lucas-daniel-barbosa-m,M,88KG,2022
35035,loser,Josh Hinger,Josh Hinger,athlete_josh-hinger-m,M,88KG,2022
35039,winner,Lucas Daniel Barbosa,Lucas Daniel Barbosa,athlete_lucas-daniel-barbosa-m,M,88KG,2022
35039,loser,Vagner Rocha,Vagner Rocha,athlete_vagner-rocha-m,M,88KG,2022
21844,winner,Matheus Diniz,Matheus Diniz,athlete_matheus-diniz-m,M,88KG,2019
21844,loser,Pedro Marinho,Pedro Marinho,athlete_pedro-marinho-m,M,88KG,2019
21848,winner,Matheus Diniz,Matheus Diniz,athlete_matheus-diniz-m,M,88KG,2019
21848,loser,Gabriel Arges,Gabriel Arges,athlete_gabriel-arges-m,M,88KG,2019
21889,winner,Matheus Diniz,Matheus Diniz,athlete_matheus-diniz-m,M,88KG,2019
21889,loser,Josh Hinger,Josh Hinger,athlete_josh-hinger-m,M,88KG,2019
21891,winner,Matheus Diniz,Matheus Diniz,athlete_matheus-diniz-m,M,88KG,2019
21891,loser,Craig Jones,Craig Jones,athlete_craig-jones-m,M,88KG,2019
21865,winner,Matheus Gabriel Barros,Matheus Gabriel Barros,athlete_matheus-gabriel-barros-m,M,66KG,2019
21865,loser,Geovanny Martinez,Geovanny Martinez,athlete_geovanny-martinez-m,M,66KG,2019
427,winner,Marcio Feitosa,Marcio Feitosa,athlete_marcio-feitosa-m,M,77KG,2000
427,loser,Leonardo Vieira,Leonardo Vieira,athlete_leonardo-vieira-m,M,77KG,2000
516,winner,Marcio Feitosa,Marcio Feitosa,athlete_marcio-feitosa-m,M,77KG,2001
516,loser,Rodrigo Gracie,Rodrigo Gracie,athlete_rodrigo-gracie-m,M,77KG,2001
5050,winner,Marcus Almeida,Marcus Almeida,athlete_marcus-almeida-m,M,+99KG,2013
5050,loser,Roberto Abreu,Roberto Abreu,athlete_roberto-abreu-m,M,+99KG,2013
5052,winner,Marcus Almeida,Marcus Almeida,athlete_marcus-almeida-m,M,+99KG,2013
5052,loser,Joao Gabriel Rocha,Joao Gabriel Rocha,athlete_joao-gabriel-rocha-m,M,+99KG,2013
5061,winner,Marcus Almeida,Marcus Almeida,athlete_marcus-almeida-m,M,ABS,2013
5061,loser,Gary Tonon,Gary Tonon,athlete_gary-tonon-m,M,ABS,2013
5063,winner,Marcus Almeida,Marcus Almeida,athlete_marcus-almeida-m,M,ABS,2013
5063,loser,Dean Lister,Dean Lister,athlete_dean-lister-m,M,ABS,2013
13853,winner,Marcus Almeida,Marcus Almeida,athlete_marcus-almeida-m,M,+99KG,2017
13853,loser,Tim Spriggs,Tim Spriggs,athlete_tim-spriggs-m,M,+99KG,2017
13857,winner,Marcus Almeida,Marcus Almeida,athlete_marcus-almeida-m,M,+99KG,2017
13857,loser,Roberto Abreu,Roberto Abreu,athlete_roberto-abreu-m,M,+99KG,2017
13859,winner,Marcus Almeida,Marcus Almeida,athlete_marcus-almeida-m,M,+99KG,2017
13859,loser,Orlando Sanchez,Orlando Sanchez,athlete_orlando-sanchez-m,M,+99KG,2017
13938,winner,Marcus Almeida,Marcus Almeida,athlete_marcus-almeida-m,M,ABS,2017
13938,loser,Mahamed Aly,Mahamed Aly,athlete_mahamed-aly-m,M,ABS,2017
21815,winner,Marcus Almeida,Marcus Almeida,athlete_marcus-almeida-m,M,+99KG,2019
21815,loser,Antonio Braga Neto,Antonio Braga Neto,athlete_antonio-braga-neto-m,M,+99KG,2019
21900,winner,Marcus Almeida,Marcus Almeida,athlete_marcus-almeida-m,M,ABS,2019
21900,loser,Keith Krikorian,Keith Krikorian,athlete_keith-krikorian-m,M,ABS,2019
21912,winner,Marcus Almeida,Marcus Almeida,athlete_marcus-almeida-m,M,ABS,2019
21912,loser,Mahamed Aly,Mahamed Aly,athlete_mahamed-aly-m,M,ABS,2019
2240,winner,Rafael Mendes,Rafael Mendes,athlete_rafael-mendes-m,M,66KG,2009
2240,loser,Leonardo Vieira,Leonardo Vieira,athlete_leonardo-vieira-m,M,66KG,2009
2242,winner,Rafael Mendes,Rafael Mendes,athlete_rafael-mendes-m,M,66KG,2009
2242,loser,Rubens Charles,Rubens Charles,athlete_rubens-charles-m,M,66KG,2009
3281,winner,Rafael Mendes,Rafael Mendes,athlete_rafael-mendes-m,M,66KG,2011
3281,loser,Robson Moura,Robson Moura,athlete_robson-moura-m,M,66KG,2011
4987,winner,Rafael Mendes,Rafael Mendes,athlete_rafael-mendes-m,M,66KG,2013
4987,loser,Joao Miyao,Joao Miyao,athlete_joao-miyao-m,M,66KG,2013
21852,winner,Renato Forasieppi Canuto,Renato Forasieppi Canuto,athlete_renato-forasieppi-canuto-m,M,77KG,2019
21852,loser,Oliver Taza,Oliver Taza,athlete_oliver-taza-m,M,77KG,2019
2243,winner,Ryan Hall,Ryan Hall,athlete_ryan-hall-m,M,66KG,2009
2243,loser,Jeff Glover,Jeff Glover,athlete_jeff-glover-m,M,66KG,2009
21869,winner,Tye Ruotolo,Tye Ruotolo,athlete_tye-ruotolo-m,M,66KG,2019
21869,loser,Pablo Mantovani,Pablo Mantovani,athlete_pablo-mantovani-m,M,66KG,2019
35097,winner,Tye Ruotolo,Tye Ruotolo,athlete_tye-ruotolo-m,M,ABS,2022
35097,loser,Felipe Pena,Felipe Pena,athlete_felipe-pena-m,M,ABS,2022
21904,winner,Tim Spriggs,Tim Spriggs,athlete_tim-spriggs-m,M,ABS,2019
21904,loser,Jared Dopp,Jared Dopp,athlete_jared-dopp-m,M,ABS,2019
21907,winner,Patrick Gaudio,Patrick Gaudio,athlete_patrick-gaudio-m,M,ABS,2019
21907,loser,Michael Perez,Michael Perez,athlete_michael-perez-m,M,ABS,2019
7936,winner,Yuri Simoes,Yuri Simoes,athlete_yuri-simoes-m,M,88KG,2015
7936,loser,Romulo Barral,Romulo Barral,athlete_romulo-barral-m,M,88KG,2015
7939,winner,Yuri Simoes,Yuri Simoes,athlete_yuri-simoes-m,M,88KG,2015
7939,loser,Keenan Cornelius,Keenan Cornelius,athlete_keenan-cornelius-m,M,88KG,2015
7993,winner,Yuri Simoes,Yuri Simoes,athlete_yuri-simoes-m,M,ABS,2015
7993,loser,Dean Lister,Dean Lister,athlete_dean-lister-m,M,ABS,2015
13873,winner,Yuri Simoes,Yuri Simoes,athlete_yuri-simoes-m,M,99KG,2017
13873,loser,Jackson Sousa,Jackson Sousa,athlete_jackson-sousa-m,M,99KG,2017
13875,winner,Yuri Simoes,Yuri Simoes,athlete_yuri-simoes-m,M,99KG,2017
13875,loser,Felipe Pena,Felipe Pena,athlete_felipe-pena-m,M,99KG,2017
35089,winner,Yuri Simoes,Yuri Simoes,athlete_yuri-simoes-m,M,ABS,2022
35089,loser,Lachlan Giles,Lachlan Giles,athlete_lachlan-giles-m,M,ABS,2022
35099,winner,Yuri Simoes,Yuri Simoes,athlete_yuri-simoes-m,M,ABS,2022
35099,loser,Nick Rodriguez,Nick Rodriguez,athlete_nick-rodriguez-m,M,ABS,2022
35101,winner,Yuri Simoes,Yuri Simoes,athlete_yuri-simoes-m,M,ABS,2022
35101,loser,Roberto Abreu,Roberto Abreu,athlete_roberto-abreu-m,M,ABS,2022
35102,winner,Yuri Simoes,Yuri Simoes,athlete_yuri-simoes-m,M,ABS,2022
35102,loser,Nicholas Meregali,Nicholas Meregali,athlete_nicholas-meregali-m,M,ABS,2022
7963,winner,Geovanny Martinez,Geovanny Martinez,athlete_geovanny-martinez-m,M,66KG,2015
7963,loser,Alexandre Vieira,Alexandre Vieira,athlete_alexandre-vieira-m,M,66KG,2015
5045,winner,Jared Dopp,Jared Dopp,athlete_jared-dopp-m,M,+99KG,2013
5045,loser,Vinicius Magalhaes,Vinicius Magalhaes,athlete_vinicius-magalhaes-m,M,+99KG,2013
5056,winner,Jared Dopp,Jared Dopp,athlete_jared-dopp-m,M,ABS,2013
5056,loser,Leonardo Nogueira,Leonardo Nogueira,athlete_leonardo-nogueira-m,M,ABS,2013
7897,winner,Jared Dopp,Jared Dopp,athlete_jared-dopp-m,M,+99KG,2015
7897,loser,Gabriel Lucas,Gabriel Lucas,athlete_gabriel-lucas-m,M,+99KG,2015
7904,winner,Jared Dopp,Jared Dopp,athlete_jared-dopp-m,M,+99KG,2015
7904,loser,Rodrigo Cavaca,Rodrigo Cavaca,athlete_rodrigo-cavaca-m,M,+99KG,2015
13852,winner,Jared Dopp,Jared Dopp,athlete_jared-dopp-m,M,+99KG,2017
13852,loser,Vinicius Magalhaes,Vinicius Magalhaes,athlete_vinicius-magalhaes-m,M,+99KG,2017
13934,winner,Mahamed Aly,Mahamed Aly,athlete_mahamed-aly-m,M,ABS,2017
13934,loser,Dillon Danis,Dillon Danis,athlete_dillon-danis-m,M,ABS,2017
21909,winner,Mahamed Aly,Mahamed Aly,athlete_mahamed-aly-m,M,ABS,2019
21909,loser,Tim Spriggs,Tim Spriggs,athlete_tim-spriggs-m,M,ABS,2019
13893,winner,Mansher Khera,Mansher Khera,athlete_mansher-khera-m,M,77KG,2017
13893,loser,Sergio Ardila-Ibarra,Sergio Ardila-Ibarra,athlete_sergio-ardilaibarra-m,M,77KG,2017
1160,winner,Dean Lister,Dean Lister,athlete_dean-lister-m,M,ABS,2005
1160,loser,Jean Jacques Machado,Jean Jacques Machado,athlete_jean-jacques-machado-m,M,ABS,2005
13861,winner,Abdurakhman Bilarov,Abdurakhman Bilarov,athlete_abdurakhman-bilarov-m,M,99KG,2017
13861,loser,Jake Shields,Jake Shields,athlete_jake-shields-m,M,99KG,2017
4991,winner,AJ Agazarm,AJ Agazarm,athlete_aj-agazarm-m,M,77KG,2013
4991,loser,DeAlonzio Jackson,DeAlonzio Jackson,athlete_dealonzio-jackson-m,M,77KG,2013
13919,winner,AJ Agazarm,AJ Agazarm,athlete_aj-agazarm-m,M,66KG,2017
13919,loser,Ethan Crelinsten,Ethan Crelinsten,athlete_ethan-crelinsten-m,M,66KG,2017
13921,winner,AJ Agazarm,AJ Agazarm,athlete_aj-agazarm-m,M,66KG,2017
13921,loser,Pablo Mantovani,Pablo Mantovani,athlete_pablo-mantovani-m,M,66KG,2017
1715,winner,Alexandre Ribeiro,Alexandre Ribeiro,athlete_alexandre-ribeiro-m,M,99KG,2007
1715,loser,Braulio Estima,Braulio Estima,athlete_braulio-estima-m,M,99KG,2007
2280,winner,Alexandre Ribeiro,Alexandre Ribeiro,athlete_alexandre-ribeiro-m,M,99KG,2009
2280,loser,Vinicius Magalhaes,Vinicius Magalhaes,athlete_vinicius-magalhaes-m,M,99KG,2009
2297,winner,Alexandre Ribeiro,Alexandre Ribeiro,athlete_alexandre-ribeiro-m,M,ABS,2009
2297,loser,Ricco Rodriguez,Ricco Rodriguez,athlete_ricco-rodriguez-m,M,ABS,2009
2301,winner,Alexandre Ribeiro,Alexandre Ribeiro,athlete_alexandre-ribeiro-m,M,ABS,2009
2301,loser,Andre Galvao,Andre Galvao,athlete_andre-galvao-m,M,ABS,2009
3318,winner,Alexandre Ribeiro,Alexandre Ribeiro,athlete_alexandre-ribeiro-m,M,ABS,2011
3318,loser,Murilo Santana,Murilo Santana,athlete_murilo-santana-m,M,ABS,2011
13881,winner,Alexandre Ribeiro,Alexandre Ribeiro,athlete_alexandre-ribeiro-m,M,88KG,2017
13881,loser,John Salter,John Salter,athlete_john-salter-m,M,88KG,2017
13890,winner,Alexandre Ribeiro,Alexandre Ribeiro,athlete_alexandre-ribeiro-m,M,88KG,2017
13890,loser,Craig Jones,Craig Jones,athlete_craig-jones-m,M,88KG,2017
35082,winner,Amy Campo,Amy Campo,athlete_amy-campo-f,F,+60KG,2022
35082,loser,Elisabeth Clay,Elisabeth Clay,athlete_elisabeth-clay-f,F,+60KG,2022
35086,winner,Amy Campo,Amy Campo,athlete_amy-campo-f,F,+60KG,2022
35086,loser,Gabrielle Garcia,Gabrielle Garcia,athlete_gabrielle-garcia-f,F,+60KG,2022
1665,winner,Andre Galvao,Andre Galvao,athlete_andre-galvao-m,M,ABS,2007
1665,loser,Fabricio Werdum,Fabricio Werdum,athlete_fabricio-werdum-m,M,ABS,2007
3297,winner,Andre Galvao,Andre Galvao,athlete_andre-galvao-m,M,88KG,2011
3297,loser,Rousimar Palhares,Rousimar Palhares,athlete_rousimar-palhares-m,M,88KG,2011
3315,winner,Andre Galvao,Andre Galvao,athlete_andre-galvao-m,M,ABS,2011
3315,loser,Sergio Moraes,Sergio Moraes,athlete_sergio-moraes-m,M,ABS,2011
3316,winner,Andre Galvao,Andre Galvao,athlete_andre-galvao-m,M,ABS,2011
3316,loser,Murilo Santana,Murilo Santana,athlete_murilo-santana-m,M,ABS,2011
3319,winner,Andre Galvao,Andre Galvao,athlete_andre-galvao-m,M,ABS,2011
3319,loser,Pablo Popovitch,Pablo Popovitch,athlete_pablo-popovitch-m,M,ABS,2011
5067,winner,Andre Galvao,Andre Galvao,athlete_andre-galvao-m,M,ABS,2013
5067,loser,Braulio Estima,Braulio Estima,athlete_braulio-estima-m,M,ABS,2013
8000,winner,Andre Galvao,Andre Galvao,athlete_andre-galvao-m,M,ABS,2015
8000,loser,Roberto Abreu,Roberto Abreu,athlete_roberto-abreu-m,M,ABS,2015
21916,winner,Andre Galvao,Andre Galvao,athlete_andre-galvao-m,M,ABS,2019
21916,loser,Felipe Pena,Felipe Pena,athlete_felipe-pena-m,M,ABS,2019
3233,winner,Augusto Mendes,Augusto Mendes,athlete_augusto-mendes-m,M,77KG,2011
3233,loser,Vagner Rocha,Vagner Rocha,athlete_vagner-rocha-m,M,77KG,2011
7965,winner,Augusto Mendes,Augusto Mendes,athlete_augusto-mendes-m,M,66KG,2015
7965,loser,Edward Cummings,Edward Cummings,athlete_edward-cummings-m,M,66KG,2015
7970,winner,Augusto Mendes,Augusto Mendes,athlete_augusto-mendes-m,M,66KG,2015
7970,loser,Geovanny Martinez,Geovanny Martinez,athlete_geovanny-martinez-m,M,66KG,2015
21863,winner,Augusto Mendes,Augusto Mendes,athlete_augusto-mendes-m,M,66KG,2019
21863,loser,Keith Krikorian,Keith Krikorian,athlete_keith-krikorian-m,M,66KG,2019
21872,winner,Augusto Mendes,Augusto Mendes,athlete_augusto-mendes-m,M,66KG,2019
21872,loser,Matheus Gabriel Barros,Matheus Gabriel Barros,athlete_matheus-gabriel-barros-m,M,66KG,2019
503,winner,Baret Yoshida,Baret Yoshida,athlete_baret-yoshida-m,M,66KG,2001
503,loser,Alexandre de Freitas,Alexandre de Freitas,athlete_alexandre-de-freitas-m,M,66KG,2001
771,winner,Baret Yoshida,Baret Yoshida,athlete_baret-yoshida-m,M,66KG,2003
771,loser,Alexandre de Freitas,Alexandre de Freitas,athlete_alexandre-de-freitas-m,M,66KG,2003
21896,winner,Augusto Mendes,Augusto Mendes,athlete_augusto-mendes-m,M,66KG,2019
21896,loser,Paulo Miyao,Paulo Miyao,athlete_paulo-miyao-m,M,66KG,2019
35043,winner,Elder Cruz,Elder Cruz,athlete_elder-cruz-m,M,99KG,2022
35043,loser,Patrick Gaudio,Patrick Gaudio,athlete_patrick-gaudio-m,M,99KG,2022
34998,winner,Fabricio Andrey,Fabricio Andrey,athlete_fabricio-andrey-m,M,66KG,2022
34998,loser,Cole Abate,Cole Abate,athlete_cole-abate-m,M,66KG,2022
828,winner,Fabricio Werdum,Fabricio Werdum,athlete_fabricio-werdum-m,M,ABS,2003
828,loser,Marcio Cruz,Marcio Cruz,athlete_marcio-cruz-m,M,ABS,2003
1215,winner,Fabricio Werdum,Fabricio Werdum,athlete_fabricio-werdum-m,M,+99KG,2005
1215,loser,Marcio Corleta,Marcio Corleta,athlete_marcio-corleta-m,M,+99KG,2005
2293,winner,Fabricio Werdum,Fabricio Werdum,athlete_fabricio-werdum-m,M,+99KG,2009
2293,loser,Roberto Abreu,Roberto Abreu,athlete_roberto-abreu-m,M,+99KG,2009
3252,winner,Fabricio Werdum,Fabricio Werdum,athlete_fabricio-werdum-m,M,+99KG,2011
3252,loser,Alexander Trans,Alexander Trans,athlete_alexander-trans-m,M,+99KG,2011
3289,winner,Fabricio Werdum,Fabricio Werdum,athlete_fabricio-werdum-m,M,+99KG,2011
3289,loser,Roberto Abreu,Roberto Abreu,athlete_roberto-abreu-m,M,+99KG,2011
35079,winner,Ffion Davies,Ffion Davies,athlete_ffion-davies-f,F,60KG,2022
35079,loser,Brianna Ste-Marie,Brianna Ste-Marie,athlete_brianna-stemarie-f,F,60KG,2022
7912,winner,Felipe Pena,Felipe Pena,athlete_felipe-pena-m,M,99KG,2015
7912,loser,Roberto Alencar,Roberto Alencar,athlete_roberto-alencar-m,M,99KG,2015
7922,winner,Felipe Pena,Felipe Pena,athlete_felipe-pena-m,M,99KG,2015
7922,loser,Joao Assis,Joao Assis,athlete_joao-assis-m,M,99KG,2015
13868,winner,Felipe Pena,Felipe Pena,athlete_felipe-pena-m,M,99KG,2017
13868,loser,Abdurakhman Bilarov,Abdurakhman Bilarov,athlete_abdurakhman-bilarov-m,M,99KG,2017
13872,winner,Felipe Pena,Felipe Pena,athlete_felipe-pena-m,M,99KG,2017
13872,loser,Rafael Lovato Jr,Rafael Lovato Jr,athlete_rafael-lovato-jr-m,M,99KG,2017
13925,winner,Felipe Pena,Felipe Pena,athlete_felipe-pena-m,M,ABS,2017
13925,loser,Celso Vinicius,Celso Vinicius,athlete_celso-vinicius-m,M,ABS,2017
13937,winner,Felipe Pena,Felipe Pena,athlete_felipe-pena-m,M,ABS,2017
13937,loser,Marcus Almeida,Marcus Almeida,athlete_marcus-almeida-m,M,ABS,2017
35092,winner,Felipe Pena,Felipe Pena,athlete_felipe-pena-m,M,ABS,2022
35092,loser,Roberto Jimenez,Roberto Jimenez,athlete_roberto-jimenez-m,M,ABS,2022
2292,winner,Fabricio Werdum,Fabricio Werdum,athlete_fabricio-werdum-m,M,+99KG,2009
2292,loser,Saulo Ribeiro,Saulo Ribeiro,athlete_saulo-ribeiro-m,M,+99KG,2009
13939,winner,Felipe Pena,Felipe Pena,athlete_felipe-pena-m,M,ABS,2017
13939,loser,Gordon Ryan,Gordon Ryan,athlete_gordon-ryan-m,M,ABS,2017
13867,winner,Jackson Sousa,Jackson Sousa,athlete_jackson-sousa-m,M,99KG,2017
13867,loser,Paul Ardila-Ibarra,Paul Ardila-Ibarra,athlete_paul-ardilaibarra-m,M,99KG,2017
13871,winner,Jackson Sousa,Jackson Sousa,athlete_jackson-sousa-m,M,99KG,2017
13871,loser,Joao Assis,Joao Assis,athlete_joao-assis-m,M,99KG,2017
13874,winner,Jackson Sousa,Jackson Sousa,athlete_jackson-sousa-m,M,99KG,2017
13874,loser,Rafael Lovato Jr,Rafael Lovato Jr,athlete_rafael-lovato-jr-m,M,99KG,2017
21829,winner,James Puopolo,James Puopolo,athlete_james-puopolo-m,M,99KG,2019
21829,loser,Aaron Johnson,Aaron Johnson,athlete_aaron-johnson-m,M,99KG,2019
1183,winner,Jake Shields,Jake Shields,athlete_jake-shields-m,M,77KG,2005
1183,loser,Leonardo Santos,Leonardo Santos,athlete_leonardo-santos-m,M,77KG,2005
425,winner,Jean Jacques Machado,Jean Jacques Machado,athlete_jean-jacques-machado-m,M,77KG,2000
425,loser,Leonardo Vieira,Leonardo Vieira,athlete_leonardo-vieira-m,M,77KG,2000
564,winner,Jean Jacques Machado,Jean Jacques Machado,athlete_jean-jacques-machado-m,M,ABS,2001
564,loser,Marcio Cruz,Marcio Cruz,athlete_marcio-cruz-m,M,ABS,2001
4986,winner,Joao Miyao,Joao Miyao,athlete_joao-miyao-m,M,66KG,2013
4986,loser,Ricardo Vieira,Ricardo Vieira,athlete_ricardo-vieira-m,M,66KG,2013
5049,winner,Joao Gabriel Rocha,Joao Gabriel Rocha,athlete_joao-gabriel-rocha-m,M,+99KG,2013
5049,loser,Jared Dopp,Jared Dopp,athlete_jared-dopp-m,M,+99KG,2013
7903,winner,Joao Gabriel Rocha,Joao Gabriel Rocha,athlete_joao-gabriel-rocha-m,M,+99KG,2015
7903,loser,Abraham Marte Messina,Abraham Marte Messina,athlete_abraham-marte-messina-m,M,+99KG,2015
7996,winner,Joao Gabriel Rocha,Joao Gabriel Rocha,athlete_joao-gabriel-rocha-m,M,ABS,2015
7996,loser,Vagner Rocha,Vagner Rocha,athlete_vagner-rocha-m,M,ABS,2015
3287,winner,Joao Assis,Joao Assis,athlete_joao-assis-m,M,99KG,2011
3287,loser,Alexandre Ribeiro,Alexandre Ribeiro,athlete_alexandre-ribeiro-m,M,99KG,2011
7992,winner,Joao Gabriel Rocha,Joao Gabriel Rocha,athlete_joao-gabriel-rocha-m,M,ABS,2015
7992,loser,AJ Agazarm,AJ Agazarm,athlete_aj-agazarm-m,M,ABS,2015
21846,winner,Jon Blank,Jon Blank,athlete_jon-blank-m,M,88KG,2019
21846,loser,Murilo Santana,Murilo Santana,athlete_murilo-santana-m,M,88KG,2019
3320,winner,Jose Mario Sperry,Jose Mario Sperry,athlete_jose-mario-sperry-m,M,ABS,2011
3320,loser,Renzo Gracie,Renzo Gracie,athlete_renzo-gracie-m,M,ABS,2011
21840,winner,Josh Hinger,Josh Hinger,athlete_josh-hinger-m,M,88KG,2019
21840,loser,Gabriel Almeida,Gabriel Almeida,athlete_gabriel-almeida-m,M,88KG,2019
21847,winner,Josh Hinger,Josh Hinger,athlete_josh-hinger-m,M,88KG,2019
21847,loser,Adam Wardzinski,Adam Wardzinski,athlete_adam-wardzinski-m,M,88KG,2019
21890,winner,Josh Hinger,Josh Hinger,athlete_josh-hinger-m,M,88KG,2019
21890,loser,Jon Blank,Jon Blank,athlete_jon-blank-m,M,88KG,2019
35033,winner,Josh Hinger,Josh Hinger,athlete_josh-hinger-m,M,88KG,2022
35033,loser,Tye Ruotolo,Tye Ruotolo,athlete_tye-ruotolo-m,M,88KG,2022
35000,winner,Joshua Cisneros,Joshua Cisneros,athlete_joshua-cisneros-m,M,66KG,2022
35000,loser,Ethan Crelinsten,Ethan Crelinsten,athlete_ethan-crelinsten-m,M,66KG,2022
35003,winner,Joshua Cisneros,Joshua Cisneros,athlete_joshua-cisneros-m,M,66KG,2022
35003,loser,Sam McNally,Sam McNally,athlete_sam-mcnally-m,M,66KG,2022
3235,winner,Jonathan Torres,Jonathan Torres,athlete_jonathan-torres-m,M,77KG,2011
3235,loser,Clark Gracie,Clark Gracie,athlete_clark-gracie-m,M,77KG,2011
5000,winner,Jonathan Torres,Jonathan Torres,athlete_jonathan-torres-m,M,77KG,2013
5000,loser,Lucas Lepri,Lucas Lepri,athlete_lucas-lepri-m,M,77KG,2013
13896,winner,Jonathan Torres,Jonathan Torres,athlete_jonathan-torres-m,M,77KG,2017
13896,loser,Lachlan Giles,Lachlan Giles,athlete_lachlan-giles-m,M,77KG,2017
13902,winner,Jonathan Torres,Jonathan Torres,athlete_jonathan-torres-m,M,77KG,2017
13902,loser,Celso Vinicius,Celso Vinicius,athlete_celso-vinicius-m,M,77KG,2017
13905,winner,Jonathan Torres,Jonathan Torres,athlete_jonathan-torres-m,M,77KG,2017
13905,loser,Gary Tonon,Gary Tonon,athlete_gary-tonon-m,M,77KG,2017
21850,winner,Jonathan Torres,Jonathan Torres,athlete_jonathan-torres-m,M,77KG,2019
21850,loser,Ross Nicholls,Ross Nicholls,athlete_ross-nicholls-m,M,77KG,2019
21892,winner,Jonathan Torres,Jonathan Torres,athlete_jonathan-torres-m,M,77KG,2019
21892,loser,Gary Tonon,Gary Tonon,athlete_gary-tonon-m,M,77KG,2019
21895,winner,Jonathan Torres,Jonathan Torres,athlete_jonathan-torres-m,M,77KG,2019
21895,loser,Vagner Rocha,Vagner Rocha,athlete_vagner-rocha-m,M,77KG,2019
35016,winner,Kade Ruotolo,Kade Ruotolo,athlete_kade-ruotolo-m,M,77KG,2022
35016,loser,Lachlan Giles,Lachlan Giles,athlete_lachlan-giles-m,M,77KG,2022
35019,winner,Kade Ruotolo,Kade Ruotolo,athlete_kade-ruotolo-m,M,77KG,2022
35019,loser,Roberto Jimenez,Roberto Jimenez,athlete_roberto-jimenez-m,M,77KG,2022
35023,winner,Kade Ruotolo,Kade Ruotolo,athlete_kade-ruotolo-m,M,77KG,2022
35023,loser,Paul Schreiner,Paul Schreiner,athlete_paul-schreiner-m,M,77KG,2022
21818,winner,Kaynan Duarte,Kaynan Duarte,athlete_kaynan-duarte-m,M,+99KG,2019
21818,loser,Eldar Rafigaev,Eldar Rafigaev,athlete_eldar-rafigaev-m,M,+99KG,2019
21823,winner,Kaynan Duarte,Kaynan Duarte,athlete_kaynan-duarte-m,M,+99KG,2019
21823,loser,Yuri Simoes,Yuri Simoes,athlete_yuri-simoes-m,M,+99KG,2019
21882,winner,Kaynan Duarte,Kaynan Duarte,athlete_kaynan-duarte-m,M,+99KG,2019
21882,loser,Marcus Almeida,Marcus Almeida,athlete_marcus-almeida-m,M,+99KG,2019
21884,winner,Kaynan Duarte,Kaynan Duarte,athlete_kaynan-duarte-m,M,+99KG,2019
21884,loser,Nick Rodriguez,Nick Rodriguez,athlete_nick-rodriguez-m,M,+99KG,2019
35050,winner,Kaynan Duarte,Kaynan Duarte,athlete_kaynan-duarte-m,M,99KG,2022
35050,loser,Elder Cruz,Elder Cruz,athlete_elder-cruz-m,M,99KG,2022
35054,winner,Kaynan Duarte,Kaynan Duarte,athlete_kaynan-duarte-m,M,99KG,2022
35054,loser,Rafael Lovato Jr,Rafael Lovato Jr,athlete_rafael-lovato-jr-m,M,99KG,2022
35001,winner,Kennedy Maciel,Kennedy Maciel,athlete_kennedy-maciel-m,M,66KG,2022
35001,loser,Geovanny Martinez,Geovanny Martinez,athlete_geovanny-martinez-m,M,66KG,2022
35046,winner,Kyle Boehm,Kyle Boehm,athlete_kyle-boehm-m,M,99KG,2022
35046,loser,Devhonte Johnson,Devhonte Johnson,athlete_devhonte-johnson-m,M,99KG,2022
21905,winner,Lachlan Giles,Lachlan Giles,athlete_lachlan-giles-m,M,ABS,2019
21905,loser,Kaynan Duarte,Kaynan Duarte,athlete_kaynan-duarte-m,M,ABS,2019
21914,winner,Lachlan Giles,Lachlan Giles,athlete_lachlan-giles-m,M,ABS,2019
21914,loser,Mahamed Aly,Mahamed Aly,athlete_mahamed-aly-m,M,ABS,2019
513,winner,Leonardo Santos,Leonardo Santos,athlete_leonardo-santos-m,M,77KG,2001
513,loser,Leonardo Vieira,Leonardo Vieira,athlete_leonardo-vieira-m,M,77KG,2001
519,winner,Leonardo Santos,Leonardo Santos,athlete_leonardo-santos-m,M,77KG,2001
519,loser,Rodrigo Gracie,Rodrigo Gracie,athlete_rodrigo-gracie-m,M,77KG,2001
420,winner,Leonardo Vieira,Leonardo Vieira,athlete_leonardo-vieira-m,M,77KG,2000
420,loser,Vitor Ribeiro,Vitor Ribeiro,athlete_vitor-ribeiro-m,M,77KG,2000
766,winner,Leonardo Vieira,Leonardo Vieira,athlete_leonardo-vieira-m,M,66KG,2003
766,loser,Rany Yahya,Rany Yahya,athlete_rany-yahya-m,M,66KG,2003
772,winner,Leonardo Vieira,Leonardo Vieira,athlete_leonardo-vieira-m,M,66KG,2003
772,loser,Baret Yoshida,Baret Yoshida,athlete_baret-yoshida-m,M,66KG,2003
1168,winner,Leonardo Vieira,Leonardo Vieira,athlete_leonardo-vieira-m,M,66KG,2005
1168,loser,Rany Yahya,Rany Yahya,athlete_rany-yahya-m,M,66KG,2005
1678,winner,Leonardo Vieira,Leonardo Vieira,athlete_leonardo-vieira-m,M,66KG,2007
1678,loser,Jeff Glover,Jeff Glover,athlete_jeff-glover-m,M,66KG,2007
3283,winner,Leonardo Vieira,Leonardo Vieira,athlete_leonardo-vieira-m,M,77KG,2011
3283,loser,Claudio Calasans,Claudio Calasans,athlete_claudio-calasans-m,M,77KG,2011
2239,winner,Leonardo Vieira,Leonardo Vieira,athlete_leonardo-vieira-m,M,66KG,2009
2239,loser,Ryan Hall,Ryan Hall,athlete_ryan-hall-m,M,66KG,2009
3267,winner,Leonardo Vieira,Leonardo Vieira,athlete_leonardo-vieira-m,M,77KG,2011
3267,loser,Jonathan Torres,Jonathan Torres,athlete_jonathan-torres-m,M,77KG,2011
5001,winner,Leonardo Vieira,Leonardo Vieira,athlete_leonardo-vieira-m,M,77KG,2013
5001,loser,AJ Agazarm,AJ Agazarm,athlete_aj-agazarm-m,M,77KG,2013
781,winner,Marcelo Garcia,Marcelo Garcia,athlete_marcelo-garcia-m,M,77KG,2003
781,loser,Renzo Gracie,Renzo Gracie,athlete_renzo-gracie-m,M,77KG,2003
782,winner,Marcelo Garcia,Marcelo Garcia,athlete_marcelo-garcia-m,M,77KG,2003
782,loser,Vitor Ribeiro,Vitor Ribeiro,athlete_vitor-ribeiro-m,M,77KG,2003
1182,winner,Marcelo Garcia,Marcelo Garcia,athlete_marcelo-garcia-m,M,77KG,2005
1182,loser,Leonardo Santos,Leonardo Santos,athlete_leonardo-santos-m,M,77KG,2005
1184,winner,Marcelo Garcia,Marcelo Garcia,athlete_marcelo-garcia-m,M,77KG,2005
1184,loser,Pablo Popovitch,Pablo Popovitch,athlete_pablo-popovitch-m,M,77KG,2005
1222,winner,Marcelo Garcia,Marcelo Garcia,athlete_marcelo-garcia-m,M,ABS,2005
1222,loser,Ricco Rodriguez,Ricco Rodriguez,athlete_ricco-rodriguez-m,M,ABS,2005
1692,winner,Marcelo Garcia,Marcelo Garcia,athlete_marcelo-garcia-m,M,77KG,2007
1692,loser,Pablo Popovitch,Pablo Popovitch,athlete_pablo-popovitch-m,M,77KG,2007
3282,winner,Marcelo Garcia,Marcelo Garcia,athlete_marcelo-garcia-m,M,77KG,2011
3282,loser,Kron Gracie,Kron Gracie,athlete_kron-gracie-m,M,77KG,2011
556,winner,Marcio Cruz,Marcio Cruz,athlete_marcio-cruz-m,M,+99KG,2001
556,loser,Ricco Rodriguez,Ricco Rodriguez,athlete_ricco-rodriguez-m,M,+99KG,2001
560,winner,Marcio Cruz,Marcio Cruz,athlete_marcio-cruz-m,M,ABS,2001
560,loser,Roberto Traven,Roberto Traven,athlete_roberto-traven-m,M,ABS,2001
815,winner,Marcio Cruz,Marcio Cruz,athlete_marcio-cruz-m,M,+99KG,2003
815,loser,Fabricio Werdum,Fabricio Werdum,athlete_fabricio-werdum-m,M,+99KG,2003
822,winner,Marcio Cruz,Marcio Cruz,athlete_marcio-cruz-m,M,ABS,2003
822,loser,Marcelo Garcia,Marcelo Garcia,athlete_marcelo-garcia-m,M,ABS,2003
21841,winner,Mason Fowler,Mason Fowler,athlete_mason-fowler-m,M,88KG,2019
21841,loser,Valdir Araujo Junior,Valdir Araujo Junior,athlete_valdir-araujo-junior-m,M,88KG,2019
35031,winner,Mason Fowler,Mason Fowler,athlete_mason-fowler-m,M,88KG,2022
35031,loser,Alexandre Jesus,Alexandre Jesus,athlete_alexandre-jesus-m,M,88KG,2022
517,winner,Matt Serra,Matt Serra,athlete_matt-serra-m,M,77KG,2001
517,loser,Leonardo Santos,Leonardo Santos,athlete_leonardo-santos-m,M,77KG,2001
35021,winner,Micael Galvao,Micael Galvao,athlete_micael-galvao-m,M,77KG,2022
35021,loser,Renato Forasieppi Canuto,Renato Forasieppi Canuto,athlete_renato-forasieppi-canuto-m,M,77KG,2022
35022,winner,Micael Galvao,Micael Galvao,athlete_micael-galvao-m,M,77KG,2022
35022,loser,Dante Leon,Dante Leon,athlete_dante-leon-m,M,77KG,2022
1234,winner,Marcelo Garcia,Marcelo Garcia,athlete_marcelo-garcia-m,M,ABS,2005
1234,loser,Alexandre Ribeiro,Alexandre Ribeiro,athlete_alexandre-ribeiro-m,M,ABS,2005
35095,winner,Nicholas Meregali,Nicholas Meregali,athlete_nicholas-meregali-m,M,ABS,2022
35095,loser,Vinicius Ferreira,Vinicius Ferreira,athlete_vinicius-ferreira-m,M,ABS,2022
3317,winner,Pablo Popovitch,Pablo Popovitch,athlete_pablo-popovitch-m,M,ABS,2011
3317,loser,Alexandre Ribeiro,Alexandre Ribeiro,athlete_alexandre-ribeiro-m,M,ABS,2011
35018,winner,Paul Schreiner,Paul Schreiner,athlete_paul-schreiner-m,M,77KG,2022
35018,loser,Jonathan Torres,Jonathan Torres,athlete_jonathan-torres-m,M,77KG,2022
5018,winner,Rafael Lovato Jr,Rafael Lovato Jr,athlete_rafael-lovato-jr-m,M,88KG,2013
5018,loser,Pablo Popovitch,Pablo Popovitch,athlete_pablo-popovitch-m,M,88KG,2013
13869,winner,Rafael Lovato Jr,Rafael Lovato Jr,athlete_rafael-lovato-jr-m,M,99KG,2017
13869,loser,Mahamed Aly,Mahamed Aly,athlete_mahamed-aly-m,M,99KG,2017
35084,winner,Rafaela Guedes,Rafaela Guedes,athlete_rafaela-guedes-f,F,+60KG,2022
35084,loser,Eleftheria Christodoulou,Eleftheria Christodoulou,athlete_eleftheria-christodoulou-f,F,+60KG,2022
35085,winner,Rafaela Guedes,Rafaela Guedes,athlete_rafaela-guedes-f,F,+60KG,2022
35085,loser,Kendall Reusing,Kendall Reusing,athlete_kendall-reusing-f,F,+60KG,2022
1166,winner,Rany Yahya,Rany Yahya,athlete_rany-yahya-m,M,66KG,2005
1166,loser,Marcio Feitosa,Marcio Feitosa,athlete_marcio-feitosa-m,M,66KG,2005
1680,winner,Rany Yahya,Rany Yahya,athlete_rany-yahya-m,M,66KG,2007
1680,loser,Baret Yoshida,Baret Yoshida,athlete_baret-yoshida-m,M,66KG,2007
1681,winner,Rany Yahya,Rany Yahya,athlete_rany-yahya-m,M,66KG,2007
1681,loser,Leonardo Vieira,Leonardo Vieira,athlete_leonardo-vieira-m,M,66KG,2007
2236,winner,Rany Yahya,Rany Yahya,athlete_rany-yahya-m,M,66KG,2009
2236,loser,Jeff Glover,Jeff Glover,athlete_jeff-glover-m,M,66KG,2009
424,winner,Renzo Gracie,Renzo Gracie,athlete_renzo-gracie-m,M,77KG,2000
424,loser,Marcio Feitosa,Marcio Feitosa,athlete_marcio-feitosa-m,M,77KG,2000
426,winner,Renzo Gracie,Renzo Gracie,athlete_renzo-gracie-m,M,77KG,2000
426,loser,Jean Jacques Machado,Jean Jacques Machado,athlete_jean-jacques-machado-m,M,77KG,2000
462,winner,Ricardo Almeida,Ricardo Almeida,athlete_ricardo-almeida-m,M,ABS,2000
462,loser,Vitor Ribeiro,Vitor Ribeiro,athlete_vitor-ribeiro-m,M,ABS,2000
465,winner,Ricardo Almeida,Ricardo Almeida,athlete_ricardo-almeida-m,M,ABS,2000
465,loser,Rodrigo Medeiros,Rodrigo Medeiros,athlete_rodrigo-medeiros-m,M,ABS,2000
543,winner,Ricardo Almeida,Ricardo Almeida,athlete_ricardo-almeida-m,M,99KG,2001
543,loser,Dean Lister,Dean Lister,athlete_dean-lister-m,M,99KG,2001
546,winner,Ricardo Arona,Ricardo Arona,athlete_ricardo-arona-m,M,99KG,2001
546,loser,Ricardo Almeida,Ricardo Almeida,athlete_ricardo-almeida-m,M,99KG,2001
570,winner,Ricardo Arona,Ricardo Arona,athlete_ricardo-arona-m,M,ABS,2001
570,loser,Jean Jacques Machado,Jean Jacques Machado,athlete_jean-jacques-machado-m,M,ABS,2001
434,winner,Ricardo Liborio,Ricardo Liborio,athlete_ricardo-liborio-m,M,88KG,2000
434,loser,Roberto Magalhaes,Roberto Magalhaes,athlete_roberto-magalhaes-m,M,88KG,2000
438,winner,Ricardo Liborio,Ricardo Liborio,athlete_ricardo-liborio-m,M,88KG,2000
438,loser,Jorge Patino,Jorge Patino,athlete_jorge-patino-m,M,88KG,2000
565,winner,Ricardo Arona,Ricardo Arona,athlete_ricardo-arona-m,M,ABS,2001
565,loser,Saulo Ribeiro,Saulo Ribeiro,athlete_saulo-ribeiro-m,M,ABS,2001
21867,winner,Richard Alarcon,Richard Alarcon,athlete_richard-alarcon-m,M,66KG,2019
21867,loser,Gianni Grippo,Gianni Grippo,athlete_gianni-grippo-m,M,66KG,2019
35098,winner,Roberto Abreu,Roberto Abreu,athlete_roberto-abreu-m,M,ABS,2022
35098,loser,Victor Hugo,Victor Hugo,athlete_victor-hugo-m,M,ABS,2022
3261,winner,Robson Moura,Robson Moura,athlete_robson-moura-m,M,66KG,2011
3261,loser,Ryan Hall,Ryan Hall,athlete_ryan-hall-m,M,66KG,2011
808,winner,Roger Gracie,Roger Gracie,athlete_roger-gracie-m,M,99KG,2003
808,loser,Alexandre Ribeiro,Alexandre Ribeiro,athlete_alexandre-ribeiro-m,M,99KG,2003
1233,winner,Roger Gracie,Roger Gracie,athlete_roger-gracie-m,M,ABS,2005
1233,loser,Alexandre Ribeiro,Alexandre Ribeiro,athlete_alexandre-ribeiro-m,M,ABS,2005
5017,winner,Romulo Barral,Romulo Barral,athlete_romulo-barral-m,M,88KG,2013
5017,loser,Lucas Leite,Lucas Leite,athlete_lucas-leite-m,M,88KG,2013
3284,winner,Rousimar Palhares,Rousimar Palhares,athlete_rousimar-palhares-m,M,88KG,2011
3284,loser,Rafael Lovato Jr,Rafael Lovato Jr,athlete_rafael-lovato-jr-m,M,88KG,2011
313,winner,Royler Gracie,Royler Gracie,athlete_royler-gracie-m,M,66KG,1999
313,loser,Alexandre de Freitas,Alexandre de Freitas,athlete_alexandre-de-freitas-m,M,66KG,1999
502,winner,Royler Gracie,Royler Gracie,athlete_royler-gracie-m,M,66KG,2001
502,loser,Robson Moura,Robson Moura,athlete_robson-moura-m,M,66KG,2001
773,winner,Royler Gracie,Royler Gracie,athlete_royler-gracie-m,M,66KG,2003
773,loser,Alexandre de Freitas,Alexandre de Freitas,athlete_alexandre-de-freitas-m,M,66KG,2003
2241,winner,Rubens Charles,Rubens Charles,athlete_rubens-charles-m,M,66KG,2009
2241,loser,Rany Yahya,Rany Yahya,athlete_rany-yahya-m,M,66KG,2009
3262,winner,Rubens Charles,Rubens Charles,athlete_rubens-charles-m,M,66KG,2011
3262,loser,Baret Yoshida,Baret Yoshida,athlete_baret-yoshida-m,M,66KG,2011
3280,winner,Rubens Charles,Rubens Charles,athlete_rubens-charles-m,M,66KG,2011
3280,loser,Jeff Glover,Jeff Glover,athlete_jeff-glover-m,M,66KG,2011
4983,winner,Rubens Charles,Rubens Charles,athlete_rubens-charles-m,M,66KG,2013
4983,loser,Marcio Andre Barbosa Junior,Marcio Andre Barbosa Junior,athlete_marcio-andre-barbosa-junior-m,M,66KG,2013
7969,winner,Rubens Charles,Rubens Charles,athlete_rubens-charles-m,M,66KG,2015
7969,loser,Augusto Mendes,Augusto Mendes,athlete_augusto-mendes-m,M,66KG,2015
34995,winner,Sam McNally,Sam McNally,athlete_sam-mcnally-m,M,66KG,2022
34995,loser,Gary Tonon,Gary Tonon,athlete_gary-tonon-m,M,66KG,2022
440,winner,Saulo Ribeiro,Saulo Ribeiro,athlete_saulo-ribeiro-m,M,88KG,2000
440,loser,Ricardo Liborio,Ricardo Liborio,athlete_ricardo-liborio-m,M,88KG,2000
530,winner,Saulo Ribeiro,Saulo Ribeiro,athlete_saulo-ribeiro-m,M,88KG,2001
530,loser,Antonio Schembri,Antonio Schembri,athlete_antonio-schembri-m,M,88KG,2001
796,winner,Saulo Ribeiro,Saulo Ribeiro,athlete_saulo-ribeiro-m,M,88KG,2003
796,loser,David Terrell,David Terrell,athlete_david-terrell-m,M,88KG,2003
1189,winner,Saulo Ribeiro,Saulo Ribeiro,athlete_saulo-ribeiro-m,M,88KG,2005
1189,loser,Jorge Patino,Jorge Patino,athlete_jorge-patino-m,M,88KG,2005
2289,winner,Saulo Ribeiro,Saulo Ribeiro,athlete_saulo-ribeiro-m,M,+99KG,2009
2289,loser,Romulo Barral,Romulo Barral,athlete_romulo-barral-m,M,+99KG,2009
3310,winner,Sergio Moraes,Sergio Moraes,athlete_sergio-moraes-m,M,ABS,2011
3310,loser,Antonio Braga Neto,Antonio Braga Neto,athlete_antonio-braga-neto-m,M,ABS,2011
1705,winner,Tarsis Humpreys,Tarsis Humpreys,athlete_tarsis-humpreys-m,M,88KG,2007
1705,loser,Romulo Barral,Romulo Barral,athlete_romulo-barral-m,M,88KG,2007
13920,winner,Rubens Charles,Rubens Charles,athlete_rubens-charles-m,M,66KG,2017
13920,loser,Paulo Miyao,Paulo Miyao,athlete_paulo-miyao-m,M,66KG,2017
7971,winner,Rubens Charles,Rubens Charles,athlete_rubens-charles-m,M,66KG,2015
7971,loser,Bruno Frazatto,Bruno Frazatto,athlete_bruno-frazatto-m,M,66KG,2015
13901,winner,Vagner Rocha,Vagner Rocha,athlete_vagner-rocha-m,M,77KG,2017
13901,loser,DeAlonzio Jackson,DeAlonzio Jackson,athlete_dealonzio-jackson-m,M,77KG,2017
13906,winner,Vagner Rocha,Vagner Rocha,athlete_vagner-rocha-m,M,77KG,2017
13906,loser,Gary Tonon,Gary Tonon,athlete_gary-tonon-m,M,77KG,2017
21860,winner,Vagner Rocha,Vagner Rocha,athlete_vagner-rocha-m,M,77KG,2019
21860,loser,Celso Vinicius,Celso Vinicius,athlete_celso-vinicius-m,M,77KG,2019
35037,winner,Vagner Rocha,Vagner Rocha,athlete_vagner-rocha-m,M,88KG,2022
35037,loser,Pedro Marinho,Pedro Marinho,athlete_pedro-marinho-m,M,88KG,2022
3307,winner,Victor Estima,Victor Estima,athlete_victor-estima-m,M,ABS,2011
3307,loser,Joao Assis,Joao Assis,athlete_joao-assis-m,M,ABS,2011
21814,winner,Victor Hugo,Victor Hugo,athlete_victor-hugo-m,M,+99KG,2019
21814,loser,Jared Dopp,Jared Dopp,athlete_jared-dopp-m,M,+99KG,2019
21886,winner,Vinicius Ferreira,Vinicius Ferreira,athlete_vinicius-ferreira-m,M,99KG,2019
21886,loser,Vinicius Magalhaes,Vinicius Magalhaes,athlete_vinicius-magalhaes-m,M,99KG,2019
35044,winner,Vinicius Ferreira,Vinicius Ferreira,athlete_vinicius-ferreira-m,M,99KG,2022
35044,loser,Paul Ardila-Ibarra,Paul Ardila-Ibarra,athlete_paul-ardilaibarra-m,M,99KG,2022
2277,winner,Vinicius Magalhaes,Vinicius Magalhaes,athlete_vinicius-magalhaes-m,M,99KG,2009
2277,loser,Marcio Cruz,Marcio Cruz,athlete_marcio-cruz-m,M,99KG,2009
3299,winner,Vinicius Magalhaes,Vinicius Magalhaes,athlete_vinicius-magalhaes-m,M,+99KG,2011
3299,loser,Fabricio Werdum,Fabricio Werdum,athlete_fabricio-werdum-m,M,+99KG,2011
7907,winner,Vinicius Magalhaes,Vinicius Magalhaes,athlete_vinicius-magalhaes-m,M,+99KG,2015
7907,loser,Joao Gabriel Rocha,Joao Gabriel Rocha,athlete_joao-gabriel-rocha-m,M,+99KG,2015
7986,winner,Vinicius Magalhaes,Vinicius Magalhaes,athlete_vinicius-magalhaes-m,M,ABS,2015
7986,loser,Gary Tonon,Gary Tonon,athlete_gary-tonon-m,M,ABS,2015
779,winner,Vitor Ribeiro,Vitor Ribeiro,athlete_vitor-ribeiro-m,M,77KG,2003
779,loser,Pablo Popovitch,Pablo Popovitch,athlete_pablo-popovitch-m,M,77KG,2003
2307,winner,Braulio Estima,Braulio Estima,athlete_braulio-estima-m,M,ABS,2009
2307,loser,Alexandre Ribeiro,Alexandre Ribeiro,athlete_alexandre-ribeiro-m,M,ABS,2009
21877,winner,Bianca Basilio,Bianca Basilio,athlete_bianca-basilio-f,F,60KG,2019
21877,loser,Ffion Davies,Ffion Davies,athlete_ffion-davies-f,F,60KG,2019
1192,winner,Demian Maia,Demian Maia,athlete_demian-maia-m,M,88KG,2005
1192,loser,Saulo Ribeiro,Saulo Ribeiro,athlete_saulo-ribeiro-m,M,88KG,2005
35004,winner,Diego Oliveira,Diego Oliveira,athlete_diego-oliveira-m,M,66KG,2022
35004,loser,Kennedy Maciel,Kennedy Maciel,athlete_kennedy-maciel-m,M,66KG,2022
35006,winner,Gabriel Sousa,Gabriel Sousa,athlete_gabriel-sousa-m,M,66KG,2022
35006,loser,Diego Oliveira,Diego Oliveira,athlete_diego-oliveira-m,M,66KG,2022
7954,winner,Gilbert Burns,Gilbert Burns,athlete_gilbert-burns-m,M,77KG,2015
7954,loser,Otavio Sousa,Otavio Sousa,athlete_otavio-sousa-m,M,77KG,2015
13889,winner,Gordon Ryan,Gordon Ryan,athlete_gordon-ryan-m,M,88KG,2017
13889,loser,Alexandre Ribeiro,Alexandre Ribeiro,athlete_alexandre-ribeiro-m,M,88KG,2017
21887,winner,Gordon Ryan,Gordon Ryan,athlete_gordon-ryan-m,M,99KG,2019
21887,loser,Vinicius Ferreira,Vinicius Ferreira,athlete_vinicius-ferreira-m,M,99KG,2019
35066,winner,Gordon Ryan,Gordon Ryan,athlete_gordon-ryan-m,M,+99KG,2022
35066,loser,Victor Hugo,Victor Hugo,athlete_victor-hugo-m,M,+99KG,2022
5003,winner,Kron Gracie,Kron Gracie,athlete_kron-gracie-m,M,77KG,2013
5003,loser,Jonathan Torres,Jonathan Torres,athlete_jonathan-torres-m,M,77KG,2013
5005,winner,Kron Gracie,Kron Gracie,athlete_kron-gracie-m,M,77KG,2013
5005,loser,Otavio Sousa,Otavio Sousa,athlete_otavio-sousa-m,M,77KG,2013
518,winner,Marcio Feitosa,Marcio Feitosa,athlete_marcio-feitosa-m,M,77KG,2001
518,loser,Matt Serra,Matt Serra,athlete_matt-serra-m,M,77KG,2001
13932,winner,Marcus Almeida,Marcus Almeida,athlete_marcus-almeida-m,M,ABS,2017
13932,loser,Alexandre Ribeiro,Alexandre Ribeiro,athlete_alexandre-ribeiro-m,M,ABS,2017
35015,winner,Renato Forasieppi Canuto,Renato Forasieppi Canuto,athlete_renato-forasieppi-canuto-m,M,77KG,2022
35015,loser,Nicky Ryan,Nicky Ryan,athlete_nicky-ryan-m,M,77KG,2022
3220,winner,Rafael Mendes,Rafael Mendes,athlete_rafael-mendes-m,M,66KG,2011
3220,loser,Bruno Frazatto,Bruno Frazatto,athlete_bruno-frazatto-m,M,66KG,2011
21866,winner,Tye Ruotolo,Tye Ruotolo,athlete_tye-ruotolo-m,M,66KG,2019
21866,loser,Bruno Frazatto,Bruno Frazatto,athlete_bruno-frazatto-m,M,66KG,2019
770,winner,Leonardo Vieira,Leonardo Vieira,athlete_leonardo-vieira-m,M,66KG,2003
770,loser,Eddie Bravo,Eddie Bravo,athlete_eddie-bravo-m,M,66KG,2003
5034,winner,Joao Assis,Joao Assis,athlete_joao-assis-m,M,99KG,2013
5034,loser,Leonardo Nogueira,Leonardo Nogueira,athlete_leonardo-nogueira-m,M,99KG,2013
35024,winner,Kade Ruotolo,Kade Ruotolo,athlete_kade-ruotolo-m,M,77KG,2022
35024,loser,Micael Galvao,Micael Galvao,athlete_micael-galvao-m,M,77KG,2022
34994,winner,Diogo Reis,Diogo Reis,athlete_diogo-reis-m,M,66KG,2022
34994,loser,Ashley Williams,Ashley Williams,athlete_ashley-williams-m,M,66KG,2022
35034,winner,Giancarlo Bodoni,Giancarlo Bodoni,athlete_giancarlo-bodoni-m,M,88KG,2022
35034,loser,Matheus Diniz,Matheus Diniz,athlete_matheus-diniz-m,M,88KG,2022
21913,winner,Gordon Ryan,Gordon Ryan,athlete_gordon-ryan-m,M,ABS,2019
21913,loser,Lachlan Giles,Lachlan Giles,athlete_lachlan-giles-m,M,ABS,2019
35103,winner,Gordon Ryan,Gordon Ryan,athlete_gordon-ryan-m,M,ABS,2022
35103,loser,Andre Galvao,Andre Galvao,athlete_andre-galvao-m,M,ABS,2022
4981,winner,Justin Rader,Justin Rader,athlete_justin-rader-m,M,66KG,2013
4981,loser,Augusto Mendes,Augusto Mendes,athlete_augusto-mendes-m,M,66KG,2013
13904,winner,Lucas Lepri,Lucas Lepri,athlete_lucas-lepri-m,M,77KG,2017
13904,loser,Vagner Rocha,Vagner Rocha,athlete_vagner-rocha-m,M,77KG,2017
21908,winner,Marcus Almeida,Marcus Almeida,athlete_marcus-almeida-m,M,ABS,2019
21908,loser,Aaron Johnson,Aaron Johnson,athlete_aaron-johnson-m,M,ABS,2019
3295,winner,Rafael Mendes,Rafael Mendes,athlete_rafael-mendes-m,M,66KG,2011
3295,loser,Rubens Charles,Rubens Charles,athlete_rubens-charles-m,M,66KG,2011
7967,winner,Geovanny Martinez,Geovanny Martinez,athlete_geovanny-martinez-m,M,66KG,2015
7967,loser,Jeff Glover,Jeff Glover,athlete_jeff-glover-m,M,66KG,2015
35063,winner,Max Gimenis,Max Gimenis,athlete_max-gimenis-m,M,+99KG,2022
35063,loser,Orlando Sanchez,Orlando Sanchez,athlete_orlando-sanchez-m,M,+99KG,2022
804,winner,Alexandre Ribeiro,Alexandre Ribeiro,athlete_alexandre-ribeiro-m,M,99KG,2003
804,loser,Dean Lister,Dean Lister,athlete_dean-lister-m,M,99KG,2003
13913,winner,AJ Agazarm,AJ Agazarm,athlete_aj-agazarm-m,M,66KG,2017
13913,loser,Nicky Ryan,Nicky Ryan,athlete_nicky-ryan-m,M,66KG,2017
3285,winner,Andre Galvao,Andre Galvao,athlete_andre-galvao-m,M,88KG,2011
3285,loser,Pablo Popovitch,Pablo Popovitch,athlete_pablo-popovitch-m,M,88KG,2011
13956,winner,Andre Galvao,Andre Galvao,athlete_andre-galvao-m,M,ABS,2017
13956,loser,Claudio Calasans,Claudio Calasans,athlete_claudio-calasans-m,M,ABS,2017
13912,winner,Augusto Mendes,Augusto Mendes,athlete_augusto-mendes-m,M,66KG,2017
13912,loser,Yuta Shimada,Yuta Shimada,athlete_yuta-shimada-m,M,66KG,2017
35068,winner,Felipe Pena,Felipe Pena,athlete_felipe-pena-m,M,+99KG,2022
35068,loser,Max Gimenis,Max Gimenis,athlete_max-gimenis-m,M,+99KG,2022
3290,winner,Jeff Glover,Jeff Glover,athlete_jeff-glover-m,M,66KG,2011
3290,loser,Robson Moura,Robson Moura,athlete_robson-moura-m,M,66KG,2011
5036,winner,Joao Assis,Joao Assis,athlete_joao-assis-m,M,99KG,2013
5036,loser,Dean Lister,Dean Lister,athlete_dean-lister-m,M,99KG,2013
34997,winner,Jeremy Skinner,Jeremy Skinner,athlete_jeremy-skinner-m,M,66KG,2022
34997,loser,AJ Agazarm,AJ Agazarm,athlete_aj-agazarm-m,M,66KG,2022
13907,winner,Jonathan Torres,Jonathan Torres,athlete_jonathan-torres-m,M,77KG,2017
13907,loser,Lucas Lepri,Lucas Lepri,athlete_lucas-lepri-m,M,77KG,2017
21857,winner,Jonathan Torres,Jonathan Torres,athlete_jonathan-torres-m,M,77KG,2019
21857,loser,DeAlonzio Jackson,DeAlonzio Jackson,athlete_dealonzio-jackson-m,M,77KG,2019
35056,winner,Kaynan Duarte,Kaynan Duarte,athlete_kaynan-duarte-m,M,99KG,2022
35056,loser,Craig Jones,Craig Jones,athlete_craig-jones-m,M,99KG,2022
21897,winner,Kennedy Maciel,Kennedy Maciel,athlete_kennedy-maciel-m,M,66KG,2019
21897,loser,Tye Ruotolo,Tye Ruotolo,athlete_tye-ruotolo-m,M,66KG,2019
21911,winner,Lachlan Giles,Lachlan Giles,athlete_lachlan-giles-m,M,ABS,2019
21911,loser,Patrick Gaudio,Patrick Gaudio,athlete_patrick-gaudio-m,M,ABS,2019
3264,winner,Marcelo Garcia,Marcelo Garcia,athlete_marcelo-garcia-m,M,77KG,2011
3264,loser,Victor Estima,Victor Estima,athlete_victor-estima-m,M,77KG,2011
13899,winner,Marcelo Mafra,Marcelo Mafra,athlete_marcelo-mafra-m,M,77KG,2017
13899,loser,Oliver Taza,Oliver Taza,athlete_oliver-taza-m,M,77KG,2017
514,winner,Matt Serra,Matt Serra,athlete_matt-serra-m,M,77KG,2001
514,loser,Jean Jacques Machado,Jean Jacques Machado,athlete_jean-jacques-machado-m,M,77KG,2001
35013,winner,Micael Galvao,Micael Galvao,athlete_micael-galvao-m,M,77KG,2022
35013,loser,Oliver Taza,Oliver Taza,athlete_oliver-taza-m,M,77KG,2022
7940,winner,Otavio Sousa,Otavio Sousa,athlete_otavio-sousa-m,M,77KG,2015
7940,loser,AJ Agazarm,AJ Agazarm,athlete_aj-agazarm-m,M,77KG,2015
21870,winner,Paulo Miyao,Paulo Miyao,athlete_paulo-miyao-m,M,66KG,2019
21870,loser,Nicky Ryan,Nicky Ryan,athlete_nicky-ryan-m,M,66KG,2019
342,winner,Ricardo Almeida,Ricardo Almeida,athlete_ricardo-almeida-m,M,99KG,1999
342,loser,Rigan Machado,Rigan Machado,athlete_rigan-machado-m,M,99KG,1999
7921,winner,Rodolfo Vieira,Rodolfo Vieira,athlete_rodolfo-vieira-m,M,99KG,2015
7921,loser,Alexandre Ribeiro,Alexandre Ribeiro,athlete_alexandre-ribeiro-m,M,99KG,2015
13882,winner,Romulo Barral,Romulo Barral,athlete_romulo-barral-m,M,88KG,2017
13882,loser,Kit Dale,Kit Dale,athlete_kit-dale-m,M,88KG,2017
413,winner,Royler Gracie,Royler Gracie,athlete_royler-gracie-m,M,66KG,2000
413,loser,Alexandre de Freitas,Alexandre de Freitas,athlete_alexandre-de-freitas-m,M,66KG,2000
4990,winner,Rubens Charles,Rubens Charles,athlete_rubens-charles-m,M,66KG,2013
4990,loser,Rafael Mendes,Rafael Mendes,athlete_rafael-mendes-m,M,66KG,2013
794,winner,Saulo Ribeiro,Saulo Ribeiro,athlete_saulo-ribeiro-m,M,88KG,2003
794,loser,Rodrigo Medeiros,Rodrigo Medeiros,athlete_rodrigo-medeiros-m,M,88KG,2003
797,winner,Saulo Ribeiro,Saulo Ribeiro,athlete_saulo-ribeiro-m,M,88KG,2003
797,loser,Ronaldo Souza,Ronaldo Souza,athlete_ronaldo-souza-m,M,88KG,2003
4988,winner,Rubens Charles,Rubens Charles,athlete_rubens-charles-m,M,66KG,2013
4988,loser,Justin Rader,Justin Rader,athlete_justin-rader-m,M,66KG,2013
7991,winner,Vagner Rocha,Vagner Rocha,athlete_vagner-rocha-m,M,ABS,2015
7991,loser,Romulo Barral,Romulo Barral,athlete_romulo-barral-m,M,ABS,2015
21893,winner,Vagner Rocha,Vagner Rocha,athlete_vagner-rocha-m,M,77KG,2019
21893,loser,Dante Leon,Dante Leon,athlete_dante-leon-m,M,77KG,2019
35091,winner,Victor Hugo,Victor Hugo,athlete_victor-hugo-m,M,ABS,2022
35091,loser,Fabricio Andrey,Fabricio Andrey,athlete_fabricio-andrey-m,M,ABS,2022
21832,winner,Vinicius Ferreira,Vinicius Ferreira,athlete_vinicius-ferreira-m,M,99KG,2019
21832,loser,Paul Ardila-Ibarra,Paul Ardila-Ibarra,athlete_paul-ardilaibarra-m,M,99KG,2019
21836,winner,Vinicius Ferreira,Vinicius Ferreira,athlete_vinicius-ferreira-m,M,99KG,2019
21836,loser,Jackson Sousa,Jackson Sousa,athlete_jackson-sousa-m,M,99KG,2019
2273,winner,Vinicius Magalhaes,Vinicius Magalhaes,athlete_vinicius-magalhaes-m,M,99KG,2009
2273,loser,Rodrigo Cavaca,Rodrigo Cavaca,athlete_rodrigo-cavaca-m,M,99KG,2009
2296,winner,Vinicius Magalhaes,Vinicius Magalhaes,athlete_vinicius-magalhaes-m,M,ABS,2009
2296,loser,Dean Lister,Dean Lister,athlete_dean-lister-m,M,ABS,2009
21835,winner,Vinicius Magalhaes,Vinicius Magalhaes,athlete_vinicius-magalhaes-m,M,99KG,2019
21835,loser,James Puopolo,James Puopolo,athlete_james-puopolo-m,M,99KG,2019
13898,winner,Gary Tonon,Gary Tonon,athlete_gary-tonon-m,M,77KG,2017
13898,loser,Felipe Cesar,Felipe Cesar,athlete_felipe-cesar-m,M,77KG,2017
2238,winner,Rafael Mendes,Rafael Mendes,athlete_rafael-mendes-m,M,66KG,2009
2238,loser,Justin Rader,Justin Rader,athlete_justin-rader-m,M,66KG,2009
3260,winner,Rafael Mendes,Rafael Mendes,athlete_rafael-mendes-m,M,66KG,2011
3260,loser,Justin Rader,Justin Rader,athlete_justin-rader-m,M,66KG,2011
21862,winner,Nicky Ryan,Nicky Ryan,athlete_nicky-ryan-m,M,66KG,2019
21862,loser,Shane Hill-Taylor,Shane Hill-Taylor,athlete_shane-hilltaylor-m,M,66KG,2019
1229,winner,Roger Gracie,Roger Gracie,athlete_roger-gracie-m,M,ABS,2005
1229,loser,Fabricio Werdum,Fabricio Werdum,athlete_fabricio-werdum-m,M,ABS,2005
13877,winner,Craig Jones,Craig Jones,athlete_craig-jones-m,M,88KG,2017
13877,loser,Leandro Lo,Leandro Lo,athlete_leandro-lo-m,M,88KG,2017
3286,winner,Dean Lister,Dean Lister,athlete_dean-lister-m,M,99KG,2011
3286,loser,Rodolfo Vieira,Rodolfo Vieira,athlete_rodolfo-vieira-m,M,99KG,2011
7906,winner,Jared Dopp,Jared Dopp,athlete_jared-dopp-m,M,+99KG,2015
7906,loser,Joao Gabriel Rocha,Joao Gabriel Rocha,athlete_joao-gabriel-rocha-m,M,+99KG,2015
35093,winner,Tye Ruotolo,Tye Ruotolo,athlete_tye-ruotolo-m,M,ABS,2022
35093,loser,Pedro Marinho,Pedro Marinho,athlete_pedro-marinho-m,M,ABS,2022
35045,winner,Craig Jones,Craig Jones,athlete_craig-jones-m,M,99KG,2022
35045,loser,Joao Costa,Joao Costa,athlete_joao-costa-m,M,99KG,2022
21901,winner,Aaron Johnson,Aaron Johnson,athlete_aaron-johnson-m,M,ABS,2019
21901,loser,Jon Blank,Jon Blank,athlete_jon-blank-m,M,ABS,2019
1660,winner,Andre Galvao,Andre Galvao,athlete_andre-galvao-m,M,ABS,2007
1660,loser,Baret Yoshida,Baret Yoshida,athlete_baret-yoshida-m,M,ABS,2007
7997,winner,Joao Gabriel Rocha,Joao Gabriel Rocha,athlete_joao-gabriel-rocha-m,M,ABS,2015
7997,loser,Rodolfo Vieira,Rodolfo Vieira,athlete_rodolfo-vieira-m,M,ABS,2015
3234,winner,Leonardo Vieira,Leonardo Vieira,athlete_leonardo-vieira-m,M,77KG,2011
3234,loser,Enrico Cocco,Enrico Cocco,athlete_enrico-cocco-m,M,77KG,2011
404,winner,Royler Gracie,Royler Gracie,athlete_royler-gracie-m,M,66KG,2000
404,loser,Baret Yoshida,Baret Yoshida,athlete_baret-yoshida-m,M,66KG,2000
504,winner,Royler Gracie,Royler Gracie,athlete_royler-gracie-m,M,66KG,2001
504,loser,Baret Yoshida,Baret Yoshida,athlete_baret-yoshida-m,M,66KG,2001
1657,winner,Tarsis Humpreys,Tarsis Humpreys,athlete_tarsis-humpreys-m,M,ABS,2007
1657,loser,Braulio Estima,Braulio Estima,athlete_braulio-estima-m,M,ABS,2007
21855,winner,Vagner Rocha,Vagner Rocha,athlete_vagner-rocha-m,M,77KG,2019
21855,loser,Servio Tulio,Servio Tulio,athlete_servio-tulio-m,M,77KG,2019
21821,winner,Marcus Almeida,Marcus Almeida,athlete_marcus-almeida-m,M,+99KG,2019
21821,loser,Victor Hugo,Victor Hugo,athlete_victor-hugo-m,M,+99KG,2019
7964,winner,Rubens Charles,Rubens Charles,athlete_rubens-charles-m,M,66KG,2015
7964,loser,Gianni Grippo,Gianni Grippo,athlete_gianni-grippo-m,M,66KG,2015
7999,winner,Claudio Calasans,Claudio Calasans,athlete_claudio-calasans-m,M,ABS,2015
7999,loser,Joao Gabriel Rocha,Joao Gabriel Rocha,athlete_joao-gabriel-rocha-m,M,ABS,2015
21899,winner,Augusto Mendes,Augusto Mendes,athlete_augusto-mendes-m,M,66KG,2019
21899,loser,Kennedy Maciel,Kennedy Maciel,athlete_kennedy-maciel-m,M,66KG,2019
13933,winner,Felipe Pena,Felipe Pena,athlete_felipe-pena-m,M,ABS,2017
13933,loser,Victor Honorio,Victor Honorio,athlete_victor-honorio-m,M,ABS,2017
569,winner,Jean Jacques Machado,Jean Jacques Machado,athlete_jean-jacques-machado-m,M,ABS,2001
569,loser,Ricardo Almeida,Ricardo Almeida,athlete_ricardo-almeida-m,M,ABS,2001
3273,winner,Joao Assis,Joao Assis,athlete_joao-assis-m,M,99KG,2011
3273,loser,Antonio Braga Neto,Antonio Braga Neto,athlete_antonio-braga-neto-m,M,99KG,2011
3296,winner,Marcelo Garcia,Marcelo Garcia,athlete_marcelo-garcia-m,M,77KG,2011
3296,loser,Leonardo Vieira,Leonardo Vieira,athlete_leonardo-vieira-m,M,77KG,2011
13923,winner,Rubens Charles,Rubens Charles,athlete_rubens-charles-m,M,66KG,2017
13923,loser,AJ Agazarm,AJ Agazarm,athlete_aj-agazarm-m,M,66KG,2017
823,winner,Dean Lister,Dean Lister,athlete_dean-lister-m,M,ABS,2003
823,loser,Saulo Ribeiro,Saulo Ribeiro,athlete_saulo-ribeiro-m,M,ABS,2003
35087,winner,Amy Campo,Amy Campo,athlete_amy-campo-f,F,+60KG,2022
35087,loser,Rafaela Guedes,Rafaela Guedes,athlete_rafaela-guedes-f,F,+60KG,2022
1203,winner,Roger Gracie,Roger Gracie,athlete_roger-gracie-m,M,99KG,2005
1203,loser,Alexandre Ribeiro,Alexandre Ribeiro,athlete_alexandre-ribeiro-m,M,99KG,2005
21871,winner,Kennedy Maciel,Kennedy Maciel,athlete_kennedy-maciel-m,M,66KG,2019
21871,loser,Richard Alarcon,Richard Alarcon,athlete_richard-alarcon-m,M,66KG,2019
2252,winner,Marcelo Garcia,Marcelo Garcia,athlete_marcelo-garcia-m,M,77KG,2009
2252,loser,Kron Gracie,Kron Gracie,athlete_kron-gracie-m,M,77KG,2009
35051,winner,Rafael Lovato Jr,Rafael Lovato Jr,athlete_rafael-lovato-jr-m,M,99KG,2022
35051,loser,Vinicius Ferreira,Vinicius Ferreira,athlete_vinicius-ferreira-m,M,99KG,2022
7952,winner,Lucas Lepri,Lucas Lepri,athlete_lucas-lepri-m,M,77KG,2015
7952,loser,Otavio Sousa,Otavio Sousa,athlete_otavio-sousa-m,M,77KG,2015
13878,winner,Murilo Santana,Murilo Santana,athlete_murilo-santana-m,M,88KG,2017
13878,loser,James Brasco,James Brasco,athlete_james-brasco-m,M,88KG,2017
2254,winner,Pablo Popovitch,Pablo Popovitch,athlete_pablo-popovitch-m,M,77KG,2009
2254,loser,Gregor Gracie,Gregor Gracie,athlete_gregor-gracie-m,M,77KG,2009
452,winner,Rigan Machado,Rigan Machado,athlete_rigan-machado-m,M,+99KG,2000
452,loser,Jose Mario Queiroga,Jose Mario Queiroga,athlete_jose-mario-queiroga-m,M,+99KG,2000
3294,winner,Roberto Abreu,Roberto Abreu,athlete_roberto-abreu-m,M,+99KG,2011
3294,loser,Gerardi Rinaldi,Gerardi Rinaldi,athlete_gerardi-rinaldi-m,M,+99KG,2011
3274,winner,Rodolfo Vieira,Rodolfo Vieira,athlete_rodolfo-vieira-m,M,99KG,2011
3274,loser,Antonio Peinado,Antonio Peinado,athlete_antonio-peinado-m,M,99KG,2011
1221,winner,Roger Gracie,Roger Gracie,athlete_roger-gracie-m,M,ABS,2005
1221,loser,Shinya Aoki,Shinya Aoki,athlete_shinya-aoki-m,M,ABS,2005
1702,winner,Romulo Barral,Romulo Barral,athlete_romulo-barral-m,M,88KG,2007
1702,loser,Christian Moriarty,Christian Moriarty,athlete_christian-moriarty-m,M,88KG,2007
787,winner,Ronaldo Souza,Ronaldo Souza,athlete_ronaldo-souza-m,M,88KG,2003
787,loser,Ryan Gracie,Ryan Gracie,athlete_ryan-gracie-m,M,88KG,2003
2308,winner,Ronaldo Souza,Ronaldo Souza,athlete_ronaldo-souza-m,M,ABS,2009
2308,loser,Robert Drysdale,Robert Drysdale,athlete_robert-drysdale-m,M,ABS,2009
13951,winner,Bianca Basilio,Bianca Basilio,athlete_bianca-basilio-f,F,60KG,2017
13951,loser,Talita Alencar,Talita Alencar,athlete_talita-alencar-f,F,60KG,2017
2265,winner,Braulio Estima,Braulio Estima,athlete_braulio-estima-m,M,88KG,2009
2265,loser,James Brasco,James Brasco,athlete_james-brasco-m,M,88KG,2009
7956,winner,Bruno Frazatto,Bruno Frazatto,athlete_bruno-frazatto-m,M,66KG,2015
7956,loser,Mark Ramos,Mark Ramos,athlete_mark-ramos-m,M,66KG,2015
7949,winner,Davi Ramos,Davi Ramos,athlete_davi-ramos-m,M,77KG,2015
7949,loser,Gabriel Rollo,Gabriel Rollo,athlete_gabriel-rollo-m,M,77KG,2015
1706,winner,Demian Maia,Demian Maia,athlete_demian-maia-m,M,88KG,2007
1706,loser,Flavio Almeida,Flavio Almeida,athlete_flavio-almeida-m,M,88KG,2007
762,winner,Eddie Bravo,Eddie Bravo,athlete_eddie-bravo-m,M,66KG,2003
762,loser,Gustavo Dantas,Gustavo Dantas,athlete_gustavo-dantas-m,M,66KG,2003
3251,winner,Dean Lister,Dean Lister,athlete_dean-lister-m,M,99KG,2011
3251,loser,Augusto Ferrari,Augusto Ferrari,athlete_augusto-ferrari-m,M,99KG,2011
3275,winner,Dean Lister,Dean Lister,athlete_dean-lister-m,M,99KG,2011
3275,loser,Radoslaw Turek,Radoslaw Turek,athlete_radoslaw-turek-m,M,99KG,2011
3322,winner,Gabrielle Garcia,Gabrielle Garcia,athlete_gabrielle-garcia-f,F,+60KG,2011
3322,loser,Penny Thomas,Penny Thomas,athlete_penny-thomas-f,F,+60KG,2011
13940,winner,Gabrielle Garcia,Gabrielle Garcia,athlete_gabrielle-garcia-f,F,+60KG,2017
13940,loser,Amanda Alequin / Santana,Amanda Santana,athlete_amanda-santana-f,F,+60KG,2017
7979,winner,Mackenzie Dern,Mackenzie Dern,athlete_mackenzie-dern-f,F,60KG,2015
7979,loser,Michelle Nicolini,Michelle Nicolini,athlete_michelle-nicolini-f,F,60KG,2015
422,winner,Marcio Feitosa,Marcio Feitosa,athlete_marcio-feitosa-m,M,77KG,2000
422,loser,Carlos Machado,Carlos Machado,athlete_carlos-machado-m,M,77KG,2000
21827,winner,Tim Spriggs,Tim Spriggs,athlete_tim-spriggs-m,M,99KG,2019
21827,loser,Fellipe Andrew,Fellipe Andrew,athlete_fellipe-andrew-m,M,99KG,2019
13952,winner,Bianca Basilio,Bianca Basilio,athlete_bianca-basilio-f,F,60KG,2017
13952,loser,E. Karppinen,E. Karppinen,athlete_e-karppinen-f,F,60KG,2017
3246,winner,Antonio Braga Neto,Antonio Braga Neto,athlete_antonio-braga-neto-m,M,99KG,2011
3246,loser,Igor Praporschchikov,Igor Praporschchikov,athlete_igor-praporschchikov-m,M,99KG,2011
1709,winner,Braulio Estima,Braulio Estima,athlete_braulio-estima-m,M,99KG,2007
1709,loser,Tomas Szczerek,Tomas Szczerek,athlete_tomas-szczerek-m,M,99KG,2007
1713,winner,Braulio Estima,Braulio Estima,athlete_braulio-estima-m,M,99KG,2007
1713,loser,A. Cacareco,A. Cacareco,athlete_a-cacareco-m,M,99KG,2007
2259,winner,Braulio Estima,Braulio Estima,athlete_braulio-estima-m,M,88KG,2009
2259,loser,Yuji Arai,Yuji Arai,athlete_yuji-arai-m,M,88KG,2009
2299,winner,Braulio Estima,Braulio Estima,athlete_braulio-estima-m,M,ABS,2009
2299,loser,Janne-Pekka,Janne-Pekka,athlete_jannepekka-m,M,ABS,2009
3232,winner,Claudio Calasans,Claudio Calasans,athlete_claudio-calasans-m,M,77KG,2011
3232,loser,Daniel Strauss,Daniel Strauss,athlete_daniel-strauss-m,M,77KG,2011
7931,winner,Claudio Calasans,Claudio Calasans,athlete_claudio-calasans-m,M,88KG,2015
7931,loser,M. Perez,M. Perez,athlete_m-perez-m,M,88KG,2015
21875,winner,Bianca Basilio,Bianca Basilio,athlete_bianca-basilio-f,F,60KG,2019
21875,loser,Elvira Karpinnen,Elvira Karppinen,athlete_elvira-karppinen-f,F,60KG,2019
35073,winner,Bianca Basilio,Bianca Basilio,athlete_bianca-basilio-f,F,60KG,2022
35073,loser,Julia Maele,Julia Maele,athlete_julia-maele-f,F,60KG,2022
13930,winner,Craig Jones,Craig Jones,athlete_craig-jones-m,M,ABS,2017
13930,loser,Chael Sonnen,Chael Sonnen,athlete_chael-sonnen-m,M,ABS,2017
21837,winner,Craig Jones,Craig Jones,athlete_craig-jones-m,M,88KG,2019
21837,loser,Ben Dyson,Ben Dyson,athlete_ben-dyson-m,M,88KG,2019
35074,winner,Brianna Ste-Marie,Brianna Ste-Marie,athlete_brianna-stemarie-f,F,60KG,2022
35074,loser,Elvira Karppinen,Elvira Karppinen,athlete_elvira-karppinen-f,F,60KG,2022
35014,winner,Dante Leon,Dante Leon,athlete_dante-leon-m,M,77KG,2022
35014,loser,Magid Hage,Magid Hage,athlete_magid-hage-m,M,77KG,2022
35020,winner,Dante Leon,Dante Leon,athlete_dante-leon-m,M,77KG,2022
35020,loser,M. Szczecinski,M. Szczecinski,athlete_m-szczecinski-m,M,77KG,2022
7942,winner,Davi Ramos,Davi Ramos,athlete_davi-ramos-m,M,77KG,2015
7942,loser,Young-Ahm,Young-Ahm,athlete_youngahm-m,M,77KG,2015
785,winner,David Terrell,David Terrell,athlete_david-terrell-m,M,88KG,2003
785,loser,Akira Shoji,Akira Shoji,athlete_akira-shoji-m,M,88KG,2003
1187,winner,Demian Maia,Demian Maia,athlete_demian-maia-m,M,88KG,2005
1187,loser,Marko Helen,Marko Helen,athlete_marko-helen-m,M,88KG,2005
1190,winner,Demian Maia,Demian Maia,athlete_demian-maia-m,M,88KG,2005
1190,loser,David Avellan,David Avellan,athlete_david-avellan-m,M,88KG,2005
1695,winner,Demian Maia,Demian Maia,athlete_demian-maia-m,M,88KG,2007
1695,loser,Yushin Okami,Yushin Okami,athlete_yushin-okami-m,M,88KG,2007
537,winner,Dean Lister,Dean Lister,athlete_dean-lister-m,M,99KG,2001
537,loser,M. Yano,M. Yano,athlete_m-yano-m,M,99KG,2001
800,winner,Dean Lister,Dean Lister,athlete_dean-lister-m,M,99KG,2003
800,loser,Ilir Lafiti,Ilir Lafiti,athlete_ilir-lafiti-m,M,99KG,2003
820,winner,Dean Lister,Dean Lister,athlete_dean-lister-m,M,ABS,2003
820,loser,Nate Marquardt,Nate Marquardt,athlete_nate-marquardt-m,M,ABS,2003
827,winner,Dean Lister,Dean Lister,athlete_dean-lister-m,M,ABS,2003
827,loser,A. Cacareco,A. Cacareco,athlete_a-cacareco-m,M,ABS,2003
2274,winner,Dean Lister,Dean Lister,athlete_dean-lister-m,M,99KG,2009
2274,loser,Andreas Olsen,Andreas Olsen,athlete_andreas-olsen-m,M,99KG,2009
5022,winner,Dean Lister,Dean Lister,athlete_dean-lister-m,M,99KG,2013
5022,loser,Jia Jang,Jia Jang,athlete_jia-jang-m,M,99KG,2013
5032,winner,Dean Lister,Dean Lister,athlete_dean-lister-m,M,99KG,2013
5032,loser,Ezra Lenon,Ezra Lenon,athlete_ezra-lenon-m,M,99KG,2013
5054,winner,Dean Lister,Dean Lister,athlete_dean-lister-m,M,ABS,2013
5054,loser,Hideki Sekine,Hideki Sekine,athlete_hideki-sekine-m,M,ABS,2013
7894,winner,Dean Lister,Dean Lister,athlete_dean-lister-m,M,+99KG,2015
7894,loser,Lee Hyoung,Lee Hyoung,athlete_lee-hyoung-m,M,+99KG,2015
7985,winner,Dean Lister,Dean Lister,athlete_dean-lister-m,M,ABS,2015
7985,loser,Ricardo Mesquita,Ricardo Mesquita,athlete_ricardo-mesquita-m,M,ABS,2015
3323,winner,Gabrielle Garcia,Gabrielle Garcia,athlete_gabrielle-garcia-f,F,+60KG,2011
3323,loser,Hannette Staack,Hanette Staack,athlete_hanette-staack-f,F,+60KG,2011
4973,winner,Gabrielle Garcia,Gabrielle Garcia,athlete_gabrielle-garcia-f,F,+60KG,2013
4973,loser,Yurika Nakakura,Yurika Nakakura,athlete_yurika-nakakura-f,F,+60KG,2013
4974,winner,Gabrielle Garcia,Gabrielle Garcia,athlete_gabrielle-garcia-f,F,+60KG,2013
4974,loser,Tammy Griego,Tammy Griego,athlete_tammy-griego-f,F,+60KG,2013
4975,winner,Gabrielle Garcia,Gabrielle Garcia,athlete_gabrielle-garcia-f,F,+60KG,2013
4975,loser,Fernanda Mazelli,Fernanda Mazelli,athlete_fernanda-mazelli-f,F,+60KG,2013
7980,winner,Gabrielle Garcia,Gabrielle Garcia,athlete_gabrielle-garcia-f,F,+60KG,2015
7980,loser,Alison Tremblay,Alison Tremblay,athlete_alison-tremblay-f,F,+60KG,2015
7983,winner,Gabrielle Garcia,Gabrielle Garcia,athlete_gabrielle-garcia-f,F,+60KG,2015
7983,loser,Amanda Santana,Amanda Santana,athlete_amanda-santana-f,F,+60KG,2015
13947,winner,Gabrielle Garcia,Gabrielle Garcia,athlete_gabrielle-garcia-f,F,+60KG,2017
13947,loser,Talita Treta,Talita Treta,athlete_talita-treta-f,F,+60KG,2017
21879,winner,Gabrielle Garcia,Gabrielle Garcia,athlete_gabrielle-garcia-f,F,+60KG,2019
21879,loser,Stefanie Egger,Stefanie Egger,athlete_stefanie-egger-f,F,+60KG,2019
21880,winner,Gabrielle Garcia,Gabrielle Garcia,athlete_gabrielle-garcia-f,F,+60KG,2019
21880,loser,Ana Carolina,Ana Carolina,athlete_ana-carolina-f,F,+60KG,2019
21881,winner,Gabrielle Garcia,Gabrielle Garcia,athlete_gabrielle-garcia-f,F,+60KG,2019
21881,loser,Carina Santi,Carina Santi,athlete_carina-santi-f,F,+60KG,2019
4993,winner,Gary Tonon,Gary Tonon,athlete_gary-tonon-m,M,77KG,2013
4993,loser,Satori Kitaoka,Satori Kitaoka,athlete_satori-kitaoka-m,M,77KG,2013
35038,winner,Giancarlo Bodoni,Giancarlo Bodoni,athlete_giancarlo-bodoni-m,M,88KG,2022
35038,loser,Eoghan OFlanagan,Eoghan OFlanagan,athlete_eoghan-oflanagan-m,M,88KG,2022
21825,winner,Gordon Ryan,Gordon Ryan,athlete_gordon-ryan-m,M,99KG,2019
21825,loser,Ben Hodgkinson,Ben Hodgkinson,athlete_ben-hodgkinson-m,M,99KG,2019
35058,winner,Gordon Ryan,Gordon Ryan,athlete_gordon-ryan-m,M,+99KG,2022
35058,loser,Heikki Jussila,Heikki Jussila,athlete_heikki-jussila-m,M,+99KG,2022
3221,winner,Justin Rader,Justin Rader,athlete_justin-rader-m,M,66KG,2011
3221,loser,Timo-Juhani,Timo-Juhani,athlete_timojuhani-m,M,66KG,2011
5053,winner,Keenan Cornelius,Keenan Cornelius,athlete_keenan-cornelius-m,M,ABS,2013
5053,loser,Erza Lennon,Erza Lennon,athlete_erza-lennon-m,M,ABS,2013
7930,winner,Keenan Cornelius,Keenan Cornelius,athlete_keenan-cornelius-m,M,88KG,2015
7930,loser,J. Urholin,J. Urholin,athlete_j-urholin-m,M,88KG,2015
7937,winner,Keenan Cornelius,Keenan Cornelius,athlete_keenan-cornelius-m,M,88KG,2015
7937,loser,Rustam Chsiev,Rustam Chsiev,athlete_rustam-chsiev-m,M,88KG,2015
13876,winner,Keenan Cornelius,Keenan Cornelius,athlete_keenan-cornelius-m,M,88KG,2017
13876,loser,Piotr Frechowicz,Piotr Frechowicz,athlete_piotr-frechowicz-m,M,88KG,2017
2245,winner,Kron Gracie,Kron Gracie,athlete_kron-gracie-m,M,77KG,2009
2245,loser,Erico Cocco,Erico Cocco,athlete_erico-cocco-m,M,77KG,2009
3231,winner,Kron Gracie,Kron Gracie,athlete_kron-gracie-m,M,77KG,2011
3231,loser,Jason Manly,Jason Manly,athlete_jason-manly-m,M,77KG,2011
4992,winner,Kron Gracie,Kron Gracie,athlete_kron-gracie-m,M,77KG,2013
4992,loser,Andy Wang,Andy Wang,athlete_andy-wang-m,M,77KG,2013
4994,winner,Lucas Lepri,Lucas Lepri,athlete_lucas-lepri-m,M,77KG,2013
4994,loser,Tero Pyylampi,Tero Pyylampi,athlete_tero-pyylampi-m,M,77KG,2013
7944,winner,Lucas Lepri,Lucas Lepri,athlete_lucas-lepri-m,M,77KG,2015
7944,loser,Gamrot Mateusz,Gamrot Mateusz,athlete_gamrot-mateusz-m,M,77KG,2015
13892,winner,Lucas Lepri,Lucas Lepri,athlete_lucas-lepri-m,M,77KG,2017
13892,loser,Osman Kasimov,Osman Kasimov,athlete_osman-kasimov-m,M,77KG,2017
7972,winner,Mackenzie Dern,Mackenzie Dern,athlete_mackenzie-dern-f,F,60KG,2015
7972,loser,Kethe Engen,Kethe Engen,athlete_kethe-engen-f,F,60KG,2015
7977,winner,Mackenzie Dern,Mackenzie Dern,athlete_mackenzie-dern-f,F,60KG,2015
7977,loser,Bia Mesquita,Bia Mesquita,athlete_bia-mesquita-f,F,60KG,2015
35026,winner,Matheus Diniz,Matheus Diniz,athlete_matheus-diniz-m,M,88KG,2022
35026,loser,Rodrigo Dib,Rodrigo Dib,athlete_rodrigo-dib-m,M,88KG,2022
5012,winner,Lucas Leite,Lucas Leite,athlete_lucas-leite-m,M,88KG,2013
5012,loser,Josh Hayden,Josh Hayden,athlete_josh-hayden-m,M,88KG,2013
416,winner,Marcio Feitosa,Marcio Feitosa,athlete_marcio-feitosa-m,M,77KG,2000
416,loser,Caol Uno,Caol Uno,athlete_caol-uno-m,M,77KG,2000
508,winner,Marcio Feitosa,Marcio Feitosa,athlete_marcio-feitosa-m,M,77KG,2001
508,loser,Peter Angerer,Peter Angerer,athlete_peter-angerer-m,M,77KG,2001
515,winner,Marcio Feitosa,Marcio Feitosa,athlete_marcio-feitosa-m,M,77KG,2001
515,loser,F. Vasconcelos,F. Vasconcelos,athlete_f-vasconcelos-m,M,77KG,2001
1161,winner,Marcio Feitosa,Marcio Feitosa,athlete_marcio-feitosa-m,M,66KG,2005
1161,loser,Urija Faber,Urija Faber,athlete_urija-faber-m,M,66KG,2005
5041,winner,Marcus Almeida,Marcus Almeida,athlete_marcus-almeida-m,M,+99KG,2013
5041,loser,Jimmy Freidrich,Jimmy Friedrich,athlete_jimmy-friedrich-m,M,+99KG,2013
5047,winner,Marcus Almeida,Marcus Almeida,athlete_marcus-almeida-m,M,+99KG,2013
5047,loser,Hideki Sekine,Hideki Sekine,athlete_hideki-sekine-m,M,+99KG,2013
13848,winner,Marcus Almeida,Marcus Almeida,athlete_marcus-almeida-m,M,+99KG,2017
13848,loser,A. Zhanpeisov,A. Zhanpeisov,athlete_a-zhanpeisov-m,M,+99KG,2017
13927,winner,Marcus Almeida,Marcus Almeida,athlete_marcus-almeida-m,M,ABS,2017
13927,loser,M. Perez,M. Perez,athlete_m-perez-m,M,ABS,2017
4976,winner,Rafael Mendes,Rafael Mendes,athlete_rafael-mendes-m,M,66KG,2013
4976,loser,Y. Takahito,Y. Takahito,athlete_y-takahito-m,M,66KG,2013
4985,winner,Rafael Mendes,Rafael Mendes,athlete_rafael-mendes-m,M,66KG,2013
4985,loser,Tetsu Suzuki,Tetsu Suzuki,athlete_tetsu-suzuki-m,M,66KG,2013
2228,winner,Ryan Hall,Ryan Hall,athlete_ryan-hall-m,M,66KG,2009
2228,loser,Jeff Curran,Jeff Curran,athlete_jeff-curran-m,M,66KG,2009
3223,winner,Ryan Hall,Ryan Hall,athlete_ryan-hall-m,M,66KG,2011
3223,loser,Tetsu Hadario,Tetsu Hadario,athlete_tetsu-hadario-m,M,66KG,2011
13849,winner,Tim Spriggs,Tim Spriggs,athlete_tim-spriggs-m,M,+99KG,2017
13849,loser,J. Pietkainen,J. Pietkainen,athlete_j-pietkainen-m,M,+99KG,2017
7927,winner,Yuri Simoes,Yuri Simoes,athlete_yuri-simoes-m,M,88KG,2015
7927,loser,Ricardo Mesquita,Ricardo Mesquita,athlete_ricardo-mesquita-m,M,88KG,2015
7934,winner,Yuri Simoes,Yuri Simoes,athlete_yuri-simoes-m,M,88KG,2015
7934,loser,Zbigniew Tyszka,Zbigniew Tyszka,athlete_zbigniew-tyszka-m,M,88KG,2015
7988,winner,Yuri Simoes,Yuri Simoes,athlete_yuri-simoes-m,M,ABS,2015
7988,loser,Hideki Shrek,Hideki Sekine,athlete_hideki-sekine-m,M,ABS,2015
13870,winner,Yuri Simoes,Yuri Simoes,athlete_yuri-simoes-m,M,99KG,2017
13870,loser,M. Perez,M. Perez,athlete_m-perez-m,M,99KG,2017
21813,winner,Yuri Simoes,Yuri Simoes,athlete_yuri-simoes-m,M,+99KG,2019
21813,loser,Elliot Marshal,Elliot Marshal,athlete_elliot-marshal-m,M,+99KG,2019
35048,winner,Yuri Simoes,Yuri Simoes,athlete_yuri-simoes-m,M,99KG,2022
35048,loser,Luke Griffith,Luke Griffith,athlete_luke-griffith-m,M,99KG,2022
13911,winner,Geovanny Martinez,Geovanny Martinez,athlete_geovanny-martinez-m,M,66KG,2017
13911,loser,Kamil Wilk,Kamil Wilk,athlete_kamil-wilk-m,M,66KG,2017
13851,winner,Victor Honorio,Victor Honorio,athlete_victor-honorio-m,M,+99KG,2017
13851,loser,Jesseray Childrey,Jesseray Childrey,athlete_jesseray-childrey-m,M,+99KG,2017
13926,winner,Victor Honorio,Victor Honorio,athlete_victor-honorio-m,M,ABS,2017
13926,loser,A. Zhanpeisov,A. Zhanpeisov,athlete_a-zhanpeisov-m,M,ABS,2017
5038,winner,Jared Dopp,Jared Dopp,athlete_jared-dopp-m,M,+99KG,2013
5038,loser,Amir Allam,Amir Allam,athlete_amir-allam-m,M,+99KG,2013
13847,winner,Jared Dopp,Jared Dopp,athlete_jared-dopp-m,M,+99KG,2017
13847,loser,Abdulaev Ruslan,Abdulaev Ruslan,athlete_abdulaev-ruslan-m,M,+99KG,2017
13863,winner,Mahamed Aly,Mahamed Aly,athlete_mahamed-aly-m,M,99KG,2017
13863,loser,Kamil Uminski,Kamil Huminski,athlete_kamil-huminski-m,M,99KG,2017
13929,winner,Mahamed Aly,Mahamed Aly,athlete_mahamed-aly-m,M,ABS,2017
13929,loser,Eliott Kelly,Eliott Kelly,athlete_eliott-kelly-m,M,ABS,2017
21902,winner,Mahamed Aly,Mahamed Aly,athlete_mahamed-aly-m,M,ABS,2019
21902,loser,Jon Hansen,Jon Hansen,athlete_jon-hansen-m,M,ABS,2019
178,winner,Ricco Rodriguez,Ricco Rodriguez,athlete_ricco-rodriguez-m,M,+99KG,1998
178,loser,Yousef Elzien,Yousef Elzien,athlete_yousef-elzien-m,M,+99KG,1998
182,winner,Ricco Rodriguez,Ricco Rodriguez,athlete_ricco-rodriguez-m,M,+99KG,1998
182,loser,Ricardo Moraes,Ricardo Moraes,athlete_ricardo-moraes-m,M,+99KG,1998
183,winner,Ricco Rodriguez,Ricco Rodriguez,athlete_ricco-rodriguez-m,M,+99KG,1998
183,loser,Firas Nakdali,Firas Nakdali,athlete_firas-nakdali-m,M,+99KG,1998
185,winner,Ricco Rodriguez,Ricco Rodriguez,athlete_ricco-rodriguez-m,M,+99KG,1998
185,loser,Sean Alvarez,Sean Alvarez,athlete_sean-alvarez-m,M,+99KG,1998
345,winner,Ricco Rodriguez,Ricco Rodriguez,athlete_ricco-rodriguez-m,M,+99KG,1999
345,loser,Rocky Batastini,Rocky Batastini,athlete_rocky-batastini-m,M,+99KG,1999
362,winner,Ricco Rodriguez,Ricco Rodriguez,athlete_ricco-rodriguez-m,M,ABS,1999
362,loser,Kim Mason,Kim Mason,athlete_kim-mason-m,M,ABS,1999
451,winner,Ricco Rodriguez,Ricco Rodriguez,athlete_ricco-rodriguez-m,M,+99KG,2000
451,loser,Carlos Barreto,Carlos Barreto,athlete_carlos-barreto-m,M,+99KG,2000
457,winner,Ricco Rodriguez,Ricco Rodriguez,athlete_ricco-rodriguez-m,M,+99KG,2000
457,loser,Ricardo Moraes,Ricardo Moraes,athlete_ricardo-moraes-m,M,+99KG,2000
547,winner,Ricco Rodriguez,Ricco Rodriguez,athlete_ricco-rodriguez-m,M,+99KG,2001
547,loser,Y. Yatso,Y. Yatso,athlete_y-yatso-m,M,+99KG,2001
559,winner,Ricco Rodriguez,Ricco Rodriguez,athlete_ricco-rodriguez-m,M,ABS,2001
559,loser,A. Cacareco,A. Cacareco,athlete_a-cacareco-m,M,ABS,2001
1209,winner,Ricco Rodriguez,Ricco Rodriguez,athlete_ricco-rodriguez-m,M,+99KG,2005
1209,loser,Halm Gocalli,Halm Gocalli,athlete_halm-gocalli-m,M,+99KG,2005
13928,winner,Dillon Danis,Dillon Danis,athlete_dillon-danis-m,M,ABS,2017
13928,loser,Y. Ozawa,Y. Ozawa,athlete_y-ozawa-m,M,ABS,2017
4984,winner,Justin Rader,Justin Rader,athlete_justin-rader-m,M,66KG,2013
4984,loser,Nicolas Renier,Nicolas Renier,athlete_nicolas-renier-m,M,66KG,2013
309,winner,Alexandre de Freitas,Alexandre de Freitas,athlete_alexandre-de-freitas-m,M,66KG,1999
309,loser,Vinicius Magalhaes,Vinicius Magalhaes,athlete_vinicius-magalhaes-m,M,66KG,1999
2276,winner,Alexandre Ribeiro,Alexandre Ribeiro,athlete_alexandre-ribeiro-m,M,99KG,2009
2276,loser,Radoslaw Turek,Radoslaw Turek,athlete_radoslaw-turek-m,M,99KG,2009
2282,winner,Alexandre Ribeiro,Alexandre Ribeiro,athlete_alexandre-ribeiro-m,M,99KG,2009
2282,loser,Gerardi Rinaldi,Gerardi Rinaldi,athlete_gerardi-rinaldi-m,M,99KG,2009
3293,winner,Alexandre Ribeiro,Alexandre Ribeiro,athlete_alexandre-ribeiro-m,M,99KG,2011
3293,loser,Antonio Peinado,Antonio Peinado,athlete_antonio-peinado-m,M,99KG,2011
2305,winner,Alexandre Ribeiro,Alexandre Ribeiro,athlete_alexandre-ribeiro-m,M,ABS,2009
2305,loser,Gunnar Nelson,Gunnar Nelson,athlete_gunnar-nelson-m,M,ABS,2009
3313,winner,Alexandre Ribeiro,Alexandre Ribeiro,athlete_alexandre-ribeiro-m,M,ABS,2011
3313,loser,Gunnar Nelson,Gunnar Nelson,athlete_gunnar-nelson-m,M,ABS,2011
7899,winner,Abraham Marte Messina,Abraham Marte Messina,athlete_abraham-marte-messina-m,M,+99KG,2015
7899,loser,Juskowiak Mateusz,Juskowiak Mateusz,athlete_juskowiak-mateusz-m,M,+99KG,2015
140,winner,Alexandre de Freitas,Alexandre de Freitas,athlete_alexandre-de-freitas-m,M,66KG,1998
140,loser,Trevor Lally,Trevor Lally,athlete_trevor-lally-m,M,66KG,1998
143,winner,Alexandre de Freitas,Alexandre de Freitas,athlete_alexandre-de-freitas-m,M,66KG,1998
143,loser,Marc,Marcelo Garcia,athlete_marcelo-garcia-m,M,66KG,1998
145,winner,Alexandre de Freitas,Alexandre de Freitas,athlete_alexandre-de-freitas-m,M,66KG,1998
145,loser,Robin Gracie,Robin Gracie,athlete_robin-gracie-m,M,66KG,1998
306,winner,Alexandre de Freitas,Alexandre de Freitas,athlete_alexandre-de-freitas-m,M,66KG,1999
306,loser,T. Hirono,T. Hirono,athlete_t-hirono-m,M,66KG,1999
409,winner,Alexandre de Freitas,Alexandre de Freitas,athlete_alexandre-de-freitas-m,M,66KG,2000
409,loser,Sasha Plavski,Sasha Plavski,athlete_sasha-plavski-m,M,66KG,2000
411,winner,Alexandre de Freitas,Alexandre de Freitas,athlete_alexandre-de-freitas-m,M,66KG,2000
411,loser,Joe Gilbert,Joe Gilbert,athlete_joe-gilbert-m,M,66KG,2000
496,winner,Alexandre de Freitas,Alexandre de Freitas,athlete_alexandre-de-freitas-m,M,66KG,2001
496,loser,Y. Kinishi,Y. Kinishi,athlete_y-kinishi-m,M,66KG,2001
761,winner,Alexandre de Freitas,Alexandre de Freitas,athlete_alexandre-de-freitas-m,M,66KG,2003
761,loser,K. Hirate,K. Hirate,athlete_k-hirate-m,M,66KG,2003
769,winner,Alexandre de Freitas,Alexandre de Freitas,athlete_alexandre-de-freitas-m,M,66KG,2003
769,loser,Joaquim Hansen,Joaquim Hansen,athlete_joaquim-hansen-m,M,66KG,2003
799,winner,Alexandre Ribeiro,Alexandre Ribeiro,athlete_alexandre-ribeiro-m,M,99KG,2003
799,loser,Erik Paulson,Erik Paulson,athlete_erik-paulson-m,M,99KG,2003
1199,winner,Alexandre Ribeiro,Alexandre Ribeiro,athlete_alexandre-ribeiro-m,M,99KG,2005
1199,loser,Michael Groth,Michael Groth,athlete_michael-groth-m,M,99KG,2005
1202,winner,Alexandre Ribeiro,Alexandre Ribeiro,athlete_alexandre-ribeiro-m,M,99KG,2005
1202,loser,Jamal Peterson,Jamal Peterson,athlete_jamal-peterson-m,M,99KG,2005
1204,winner,Alexandre Ribeiro,Alexandre Ribeiro,athlete_alexandre-ribeiro-m,M,99KG,2005
1204,loser,John Einimo,John Einimo,athlete_john-einimo-m,M,99KG,2005
1224,winner,Alexandre Ribeiro,Alexandre Ribeiro,athlete_alexandre-ribeiro-m,M,ABS,2005
1224,loser,Antoine Joude,Antoine Joude,athlete_antoine-joude-m,M,ABS,2005
1228,winner,Alexandre Ribeiro,Alexandre Ribeiro,athlete_alexandre-ribeiro-m,M,ABS,2005
1228,loser,Gabriel Napao,Gabriel Napao,athlete_gabriel-napao-m,M,ABS,2005
1707,winner,Alexandre Ribeiro,Alexandre Ribeiro,athlete_alexandre-ribeiro-m,M,99KG,2007
1707,loser,Yukissyu Ozawa,Yukissyu Ozawa,athlete_yukissyu-ozawa-m,M,99KG,2007
1712,winner,Alexandre Ribeiro,Alexandre Ribeiro,athlete_alexandre-ribeiro-m,M,99KG,2007
1712,loser,Tim Carpenter,Tim Carpenter,athlete_tim-carpenter-m,M,99KG,2007
2271,winner,Alexandre Ribeiro,Alexandre Ribeiro,athlete_alexandre-ribeiro-m,M,99KG,2009
2271,loser,Ilir Latifi,Ilir Latifi,athlete_ilir-latifi-m,M,99KG,2009
3272,winner,Alexandre Ribeiro,Alexandre Ribeiro,athlete_alexandre-ribeiro-m,M,99KG,2011
3272,loser,Lucio Lagarto,Lucio Lagarto,athlete_lucio-lagarto-m,M,99KG,2011
3309,winner,Alexandre Ribeiro,Alexandre Ribeiro,athlete_alexandre-ribeiro-m,M,ABS,2011
3309,loser,Jeff Monson,Jeff Monson,athlete_jeff-monson-m,M,ABS,2011
7911,winner,Alexandre Ribeiro,Alexandre Ribeiro,athlete_alexandre-ribeiro-m,M,99KG,2015
7911,loser,Yukiyasu Ozawa,Yukiyasu Ozawa,athlete_yukiyasu-ozawa-m,M,99KG,2015
13924,winner,Alexandre Ribeiro,Alexandre Ribeiro,athlete_alexandre-ribeiro-m,M,ABS,2017
13924,loser,T. Pyylampi,T. Pyylampi,athlete_t-pyylampi-m,M,ABS,2017
533,winner,Antonio Schembri,Antonio Schembri,athlete_antonio-schembri-m,M,88KG,2001
533,loser,Egan Inoue,Egan Inoue,athlete_egan-inoue-m,M,88KG,2001
497,winner,Baret Yoshida,Baret Yoshida,athlete_baret-yoshida-m,M,66KG,2001
497,loser,Gustavo Dantas,Gustavo Dantas,athlete_gustavo-dantas-m,M,66KG,2001
3271,winner,Andre Galvao,Andre Galvao,athlete_andre-galvao-m,M,88KG,2011
3271,loser,Gunnar Nelson,Gunnar Nelson,athlete_gunnar-nelson-m,M,88KG,2011
307,winner,Baret Yoshida,Baret Yoshida,athlete_baret-yoshida-m,M,66KG,1999
307,loser,Wellington Dias,Wellington Dias,athlete_wellington-dias-m,M,66KG,1999
318,winner,Amaury Bitetti,Amaury Bitetti,athlete_amaury-bitetti-m,M,88KG,1999
318,loser,Akira Shouji,Akira Shoji,athlete_akira-shoji-m,M,88KG,1999
1683,winner,Andre Galvao,Andre Galvao,athlete_andre-galvao-m,M,77KG,2007
1683,loser,Chris Bright,Chris Bright,athlete_chris-bright-m,M,77KG,2007
1689,winner,Andre Galvao,Andre Galvao,athlete_andre-galvao-m,M,77KG,2007
1689,loser,Mark Bocek,Mark Bocek,athlete_mark-bocek-m,M,77KG,2007
2258,winner,Andre Galvao,Andre Galvao,athlete_andre-galvao-m,M,88KG,2009
2258,loser,Kassim Anan,Kassim Anan,athlete_kassim-anan-m,M,88KG,2009
2264,winner,Andre Galvao,Andre Galvao,athlete_andre-galvao-m,M,88KG,2009
2264,loser,Chris Weidman,Chris Weidman,athlete_chris-weidman-m,M,88KG,2009
2268,winner,Andre Galvao,Andre Galvao,athlete_andre-galvao-m,M,88KG,2009
2268,loser,David Avellan,David Avellan,athlete_david-avellan-m,M,88KG,2009
2295,winner,Andre Galvao,Andre Galvao,athlete_andre-galvao-m,M,ABS,2009
2295,loser,Tom Bass,Tom Bass,athlete_tom-bass-m,M,ABS,2009
3242,winner,Andre Galvao,Andre Galvao,athlete_andre-galvao-m,M,88KG,2011
3242,loser,Don Ortega,Don Ortega,athlete_don-ortega-m,M,88KG,2011
3305,winner,Andre Galvao,Andre Galvao,athlete_andre-galvao-m,M,ABS,2011
3305,loser,Shinzo Ansai,Shinzo Ansai,athlete_shinzo-ansai-m,M,ABS,2011
520,winner,Antonio Schembri,Antonio Schembri,athlete_antonio-schembri-m,M,88KG,2001
520,loser,Akihiro Gono,Akihiro Gono,athlete_akihiro-gono-m,M,88KG,2001
526,winner,Antonio Schembri,Antonio Schembri,athlete_antonio-schembri-m,M,88KG,2001
526,loser,Alexander Savko,Alexander Savko,athlete_alexander-savko-m,M,88KG,2001
7960,winner,Augusto Mendes,Augusto Mendes,athlete_augusto-mendes-m,M,66KG,2015
7960,loser,Nicholas Renier,Nicholas Renier,athlete_nicholas-renier-m,M,66KG,2015
501,winner,Baret Yoshida,Baret Yoshida,athlete_baret-yoshida-m,M,66KG,2001
501,loser,N. Uematsu,N. Uematsu,athlete_n-uematsu-m,M,66KG,2001
768,winner,Baret Yoshida,Baret Yoshida,athlete_baret-yoshida-m,M,66KG,2003
768,loser,Mike Mrkulic,Mike Mrkulic,athlete_mike-mrkulic-m,M,66KG,2003
1673,winner,Baret Yoshida,Baret Yoshida,athlete_baret-yoshida-m,M,66KG,2007
1673,loser,Eddie Sanchez,Eddie Sanchez,athlete_eddie-sanchez-m,M,66KG,2007
1677,winner,Baret Yoshida,Baret Yoshida,athlete_baret-yoshida-m,M,66KG,2007
1677,loser,Yoshitomi Mishima,Yoshitomi Mishima,athlete_yoshitomi-mishima-m,M,66KG,2007
1682,winner,Baret Yoshida,Baret Yoshida,athlete_baret-yoshida-m,M,66KG,2007
1682,loser,Tetsu Suzuko,Tetsu Suzuki,athlete_tetsu-suzuki-m,M,66KG,2007
3225,winner,Baret Yoshida,Baret Yoshida,athlete_baret-yoshida-m,M,66KG,2011
3225,loser,Nicolas Renier,Nicolas Renier,athlete_nicolas-renier-m,M,66KG,2011
21873,winner,Ffion Davies,Ffion Davies,athlete_ffion-davies-f,F,60KG,2019
21873,loser,Rikako Yuasa,Rikako Yuasa,athlete_rikako-yuasa-f,F,60KG,2019
21876,winner,Ffion Davies,Ffion Davies,athlete_ffion-davies-f,F,60KG,2019
21876,loser,Beatriz Mesquita,Beatriz Mesquita,athlete_beatriz-mesquita-f,F,60KG,2019
1198,winner,Eduardo Telles,Eduardo Telles,athlete_eduardo-telles-m,M,99KG,2005
1198,loser,Antoine Joude,Antoine Joude,athlete_antoine-joude-m,M,99KG,2005
13915,winner,Ethan Crelinsten,Ethan Crelinsten,athlete_ethan-crelinsten-m,M,66KG,2017
13915,loser,Nicollas Renier,Nicollas Renier,athlete_nicollas-renier-m,M,66KG,2017
810,winner,Fabricio Werdum,Fabricio Werdum,athlete_fabricio-werdum-m,M,+99KG,2003
810,loser,T. Kosaka,T. Kosaka,athlete_t-kosaka-m,M,+99KG,2003
812,winner,Fabricio Werdum,Fabricio Werdum,athlete_fabricio-werdum-m,M,+99KG,2003
812,loser,Jehad Hamdan,Jehad Hamdan,athlete_jehad-hamdan-m,M,+99KG,2003
814,winner,Fabricio Werdum,Fabricio Werdum,athlete_fabricio-werdum-m,M,+99KG,2003
814,loser,Mike Van,Mike Van,athlete_mike-van-m,M,+99KG,2003
821,winner,Fabricio Werdum,Fabricio Werdum,athlete_fabricio-werdum-m,M,ABS,2003
821,loser,Matt Lindland,Matt Lindland,athlete_matt-lindland-m,M,ABS,2003
1211,winner,Fabricio Werdum,Fabricio Werdum,athlete_fabricio-werdum-m,M,+99KG,2005
1211,loser,Denis Roberts,Denis Roberts,athlete_denis-roberts-m,M,+99KG,2005
1218,winner,Fabricio Werdum,Fabricio Werdum,athlete_fabricio-werdum-m,M,+99KG,2005
1218,loser,Daniel Simoes,Daniel Simoes,athlete_daniel-simoes-m,M,+99KG,2005
1220,winner,Fabricio Werdum,Fabricio Werdum,athlete_fabricio-werdum-m,M,ABS,2005
1220,loser,Reese Andy,Reese Andy,athlete_reese-andy-m,M,ABS,2005
1661,winner,Fabricio Werdum,Fabricio Werdum,athlete_fabricio-werdum-m,M,ABS,2007
1661,loser,Mario Rinaldi,Mario Rinaldi,athlete_mario-rinaldi-m,M,ABS,2007
1717,winner,Fabricio Werdum,Fabricio Werdum,athlete_fabricio-werdum-m,M,+99KG,2007
1717,loser,Elvis Sinosic,Elvis Sinosic,athlete_elvis-sinosic-m,M,+99KG,2007
1720,winner,Fabricio Werdum,Fabricio Werdum,athlete_fabricio-werdum-m,M,+99KG,2007
1720,loser,Darren Andy,Darren Andy,athlete_darren-andy-m,M,+99KG,2007
2284,winner,Fabricio Werdum,Fabricio Werdum,athlete_fabricio-werdum-m,M,+99KG,2009
2284,loser,Rogent Lorent,Rogent Lorent,athlete_rogent-lorent-m,M,+99KG,2009
2288,winner,Fabricio Werdum,Fabricio Werdum,athlete_fabricio-werdum-m,M,+99KG,2009
2288,loser,Tomasz Janiszewski,Tomasz Janiszewski,athlete_tomasz-janiszewski-m,M,+99KG,2009
3276,winner,Fabricio Werdum,Fabricio Werdum,athlete_fabricio-werdum-m,M,+99KG,2011
3276,loser,Jeff Monson,Jeff Monson,athlete_jeff-monson-m,M,+99KG,2011
7917,winner,Felipe Pena,Felipe Pena,athlete_felipe-pena-m,M,99KG,2015
7917,loser,Jimmy Friedrich,Jimmy Friedrich,athlete_jimmy-friedrich-m,M,99KG,2015
13860,winner,Felipe Pena,Felipe Pena,athlete_felipe-pena-m,M,99KG,2017
13860,loser,Y. Ozawa,Y. Ozawa,athlete_y-ozawa-m,M,99KG,2017
35065,winner,Felipe Pena,Felipe Pena,athlete_felipe-pena-m,M,+99KG,2022
35065,loser,Josh Saunders,Josh Saunders,athlete_josh-saunders-m,M,+99KG,2022
3263,winner,Jeff Glover,Jeff Glover,athlete_jeff-glover-m,M,66KG,2011
3263,loser,Mark Ramos,Mark Ramos,athlete_mark-ramos-m,M,66KG,2011
4978,winner,Joao Miyao,Joao Miyao,athlete_joao-miyao-m,M,66KG,2013
4978,loser,Mark Ramos,Mark Ramos,athlete_mark-ramos-m,M,66KG,2013
21831,winner,Jackson Sousa,Jackson Sousa,athlete_jackson-sousa-m,M,99KG,2019
21831,loser,Paulo Pinto,Paulo Pinto,athlete_paulo-pinto-m,M,99KG,2019
1172,winner,Jake Shields,Jake Shields,athlete_jake-shields-m,M,77KG,2005
1172,loser,Diego Sanchez,Diego Sanchez,athlete_diego-sanchez-m,M,77KG,2005
1177,winner,Jake Shields,Jake Shields,athlete_jake-shields-m,M,77KG,2005
1177,loser,Cameron Earle,Cameron Earle,athlete_cameron-earle-m,M,77KG,2005
315,winner,Jean Jacques Machado,Jean Jacques Machado,athlete_jean-jacques-machado-m,M,77KG,1999
315,loser,Micah Pittman,Micah Pittman,athlete_micah-pittman-m,M,77KG,1999
423,winner,Jean Jacques Machado,Jean Jacques Machado,athlete_jean-jacques-machado-m,M,77KG,2000
423,loser,Mikey Burnet,Mikey Burnet,athlete_mikey-burnet-m,M,77KG,2000
510,winner,Jean Jacques Machado,Jean Jacques Machado,athlete_jean-jacques-machado-m,M,77KG,2001
510,loser,Serguei Onishuk,Serguei Onishuk,athlete_serguei-onishuk-m,M,77KG,2001
558,winner,Jean Jacques Machado,Jean Jacques Machado,athlete_jean-jacques-machado-m,M,ABS,2001
558,loser,Y. Kohsaka,Y. Kohsaka,athlete_y-kohsaka-m,M,ABS,2001
1671,winner,Jeff Glover,Jeff Glover,athlete_jeff-glover-m,M,66KG,2007
1671,loser,Jamie Ballard,Jamie Ballard,athlete_jamie-ballard-m,M,66KG,2007
2231,winner,Jeff Glover,Jeff Glover,athlete_jeff-glover-m,M,66KG,2009
2231,loser,Timo-Juhani,Timo-Juhani,athlete_timojuhani-m,M,66KG,2009
7961,winner,Jeff Glover,Jeff Glover,athlete_jeff-glover-m,M,66KG,2015
7961,loser,Daniel Hortegas,Daniel Hortegas,athlete_daniel-hortegas-m,M,66KG,2015
3247,winner,Joao Assis,Joao Assis,athlete_joao-assis-m,M,99KG,2011
3247,loser,James Poupolo,James Puopolo,athlete_james-puopolo-m,M,99KG,2011
5026,winner,Joao Assis,Joao Assis,athlete_joao-assis-m,M,99KG,2013
5026,loser,Liu Wen,Liu Wen,athlete_liu-wen-m,M,99KG,2013
5030,winner,Joao Assis,Joao Assis,athlete_joao-assis-m,M,99KG,2013
5030,loser,Tomasz Narkun,Tomasz Narkun,athlete_tomasz-narkun-m,M,99KG,2013
7909,winner,Joao Assis,Joao Assis,athlete_joao-assis-m,M,99KG,2015
7909,loser,Tomasz Narkun,Tomasz Narkun,athlete_tomasz-narkun-m,M,99KG,2015
13865,winner,Joao Assis,Joao Assis,athlete_joao-assis-m,M,99KG,2017
13865,loser,Jeff Monson,Jeff Monson,athlete_jeff-monson-m,M,99KG,2017
5039,winner,Joao Gabriel Rocha,Joao Gabriel Rocha,athlete_joao-gabriel-rocha-m,M,+99KG,2013
5039,loser,Michael Wilson,Michael Wilson,athlete_michael-wilson-m,M,+99KG,2013
5055,winner,Joao Gabriel Rocha,Joao Gabriel Rocha,athlete_joao-gabriel-rocha-m,M,ABS,2013
5055,loser,David Avellan,David Avellan,athlete_david-avellan-m,M,ABS,2013
7900,winner,Joao Gabriel Rocha,Joao Gabriel Rocha,athlete_joao-gabriel-rocha-m,M,+99KG,2015
7900,loser,Jason Lees,Jason Lees,athlete_jason-lees-m,M,+99KG,2015
4995,winner,Jonathan Torres,Jonathan Torres,athlete_jonathan-torres-m,M,77KG,2013
4995,loser,Eduardo Rios,Eduardo Rios,athlete_eduardo-rios-m,M,77KG,2013
5066,winner,Jose Mario Sperry,Jose Mario Sperry,athlete_jose-mario-sperry-m,M,ABS,2013
5066,loser,Fabio Gurgel,Fabio Gurgel,athlete_fabio-gurgel-m,M,ABS,2013
431,winner,Jorge Patino,Jorge Patino,athlete_jorge-patino-m,M,88KG,2000
431,loser,Karl Webber,Karl Webber,athlete_karl-webber-m,M,88KG,2000
435,winner,Jorge Patino,Jorge Patino,athlete_jorge-patino-m,M,88KG,2000
435,loser,Egan Inoe,Egan Inoe,athlete_egan-inoe-m,M,88KG,2000
1186,winner,Jorge Patino,Jorge Patino,athlete_jorge-patino-m,M,88KG,2005
1186,loser,Take Hanai,Take Hanai,athlete_take-hanai-m,M,88KG,2005
21839,winner,Jon Blank,Jon Blank,athlete_jon-blank-m,M,88KG,2019
21839,loser,Rustam Chsiev,Rustam Chsiev,athlete_rustam-chsiev-m,M,88KG,2019
166,winner,Jose Mario Sperry,Jose Mario Sperry,athlete_jose-mario-sperry-m,M,99KG,1998
166,loser,Muhammad Saleh,Muhammad Saleh,athlete_muhammad-saleh-m,M,99KG,1998
168,winner,Jose Mario Sperry,Jose Mario Sperry,athlete_jose-mario-sperry-m,M,99KG,1998
168,loser,Larry Parker,Larry Parker,athlete_larry-parker-m,M,99KG,1998
169,winner,Jose Mario Sperry,Jose Mario Sperry,athlete_jose-mario-sperry-m,M,99KG,1998
169,loser,Renato Verissimo,Renato Verissimo,athlete_renato-verissimo-m,M,99KG,1998
186,winner,Jose Mario Sperry,Jose Mario Sperry,athlete_jose-mario-sperry-m,M,ABS,1998
186,loser,Oleg Taktarov,Oleg Taktarov,athlete_oleg-taktarov-m,M,ABS,1998
187,winner,Jose Mario Sperry,Jose Mario Sperry,athlete_jose-mario-sperry-m,M,ABS,1998
187,loser,Simon Siasi,Simon Siasi,athlete_simon-siasi-m,M,ABS,1998
372,winner,Jose Mario Sperry,Jose Mario Sperry,athlete_jose-mario-sperry-m,M,ABS,1999
372,loser,Enson Inoe,Enson Inoe,athlete_enson-inoe-m,M,ABS,1999
35010,winner,Jonathan Torres,Jonathan Torres,athlete_jonathan-torres-m,M,77KG,2022
35010,loser,Keita Iwamoto,Keita Iwamoto,athlete_keita-iwamoto-m,M,77KG,2022
35042,winner,Kaynan Duarte,Kaynan Duarte,athlete_kaynan-duarte-m,M,99KG,2022
35042,loser,Owen Livesey,Owen Livesey,athlete_owen-livesey-m,M,99KG,2022
35083,winner,Kendall Reusing,Kendall Reusing,athlete_kendall-reusing-f,F,+60KG,2022
35083,loser,Giovanna Jara,Giovanna Jara,athlete_giovanna-jara-f,F,+60KG,2022
5035,winner,Leonardo Nogueira,Leonardo Nogueira,athlete_leonardo-nogueira-m,M,99KG,2013
5035,loser,Cristiano Lazzarini,Cristiano Lazzarini,athlete_cristiano-lazzarini-m,M,99KG,2013
21868,winner,Kennedy Maciel,Kennedy Maciel,athlete_kennedy-maciel-m,M,66KG,2019
21868,loser,R. Alvarenga,R. Alvarenga,athlete_r-alvarenga-m,M,66KG,2019
5028,winner,Leonardo Nogueira,Leonardo Nogueira,athlete_leonardo-nogueira-m,M,99KG,2013
5028,loser,Alian Drueco,Alian Drueco,athlete_alian-drueco-m,M,99KG,2013
5031,winner,Leonardo Nogueira,Leonardo Nogueira,athlete_leonardo-nogueira-m,M,99KG,2013
5031,loser,Mikael Knutsson,Mikael Knutsson,athlete_mikael-knutsson-m,M,99KG,2013
1178,winner,Leonardo Santos,Leonardo Santos,athlete_leonardo-santos-m,M,77KG,2005
1178,loser,George St,George St,athlete_george-st-m,M,77KG,2005
2248,winner,Leonardo Santos,Leonardo Santos,athlete_leonardo-santos-m,M,77KG,2009
2248,loser,Yoshiyuki Yoshida,Yoshiyuki Yoshida,athlete_yoshiyuki-yoshida-m,M,77KG,2009
511,winner,Leonardo Vieira,Leonardo Vieira,athlete_leonardo-vieira-m,M,77KG,2001
511,loser,Morris Clifoni,Morris Clifoni,athlete_morris-clifoni-m,M,77KG,2001
764,winner,Leonardo Vieira,Leonardo Vieira,athlete_leonardo-vieira-m,M,66KG,2003
764,loser,Allan Teo,Allan Teo,athlete_allan-teo-m,M,66KG,2003
1163,winner,Leonardo Vieira,Leonardo Vieira,athlete_leonardo-vieira-m,M,66KG,2005
1163,loser,T. Suzuki,T. Suzuki,athlete_t-suzuki-m,M,66KG,2005
1165,winner,Leonardo Vieira,Leonardo Vieira,athlete_leonardo-vieira-m,M,66KG,2005
1165,loser,Joey Gilbert,Joey Gilbert,athlete_joey-gilbert-m,M,66KG,2005
1167,winner,Leonardo Vieira,Leonardo Vieira,athlete_leonardo-vieira-m,M,66KG,2005
1167,loser,Rob Di,Rob Di,athlete_rob-di-m,M,66KG,2005
1679,winner,Leonardo Vieira,Leonardo Vieira,athlete_leonardo-vieira-m,M,66KG,2007
1679,loser,T. Suzuki,T. Suzuki,athlete_t-suzuki-m,M,66KG,2007
2235,winner,Leonardo Vieira,Leonardo Vieira,athlete_leonardo-vieira-m,M,66KG,2009
2235,loser,D. Marinakis,D. Marinakis,athlete_d-marinakis-m,M,66KG,2009
4996,winner,Leonardo Vieira,Leonardo Vieira,athlete_leonardo-vieira-m,M,77KG,2013
4996,loser,Sotaro Yamada,Sotaro Yamada,athlete_sotaro-yamada-m,M,77KG,2013
1179,winner,Marcelo Garcia,Marcelo Garcia,athlete_marcelo-garcia-m,M,77KG,2005
1179,loser,Shinya Aoki,Shinya Aoki,athlete_shinya-aoki-m,M,77KG,2005
1662,winner,Marcelo Garcia,Marcelo Garcia,athlete_marcelo-garcia-m,M,ABS,2007
1662,loser,Rolles Gracie,Rolles Gracie,athlete_rolles-gracie-m,M,ABS,2007
1690,winner,Marcelo Garcia,Marcelo Garcia,athlete_marcelo-garcia-m,M,77KG,2007
1690,loser,Mike Fowler,Mike Fowler,athlete_mike-fowler-m,M,77KG,2007
2244,winner,Marcelo Garcia,Marcelo Garcia,athlete_marcelo-garcia-m,M,77KG,2009
2244,loser,Rodney Ellis,Rodney Ellis,athlete_rodney-ellis-m,M,77KG,2009
2298,winner,Marcelo Garcia,Marcelo Garcia,athlete_marcelo-garcia-m,M,ABS,2009
2298,loser,Bruno Bastos,Bruno Bastos,athlete_bruno-bastos-m,M,ABS,2009
1719,winner,Marcio Cruz,Marcio Cruz,athlete_marcio-cruz-m,M,+99KG,2007
1719,loser,Marcos Oliveira,Marcos Oliveira,athlete_marcos-oliveira-m,M,+99KG,2007
2272,winner,Marcio Cruz,Marcio Cruz,athlete_marcio-cruz-m,M,99KG,2009
2272,loser,Anthony Perosh,Anthony Perosh,athlete_anthony-perosh-m,M,99KG,2009
776,winner,Marcelo Garcia,Marcelo Garcia,athlete_marcelo-garcia-m,M,77KG,2003
776,loser,Kiuma Kunioku,Kiuma Kunioku,athlete_kiuma-kunioku-m,M,77KG,2003
817,winner,Marcelo Garcia,Marcelo Garcia,athlete_marcelo-garcia-m,M,ABS,2003
817,loser,Mike Van,Mike Van,athlete_mike-van-m,M,ABS,2003
1230,winner,Marcelo Garcia,Marcelo Garcia,athlete_marcelo-garcia-m,M,ABS,2005
1230,loser,Diego Sanchez,Diego Sanchez,athlete_diego-sanchez-m,M,ABS,2005
1654,winner,Marcelo Garcia,Marcelo Garcia,athlete_marcelo-garcia-m,M,ABS,2007
1654,loser,Mario Miranda,Mario Miranda,athlete_mario-miranda-m,M,ABS,2007
1666,winner,Marcelo Garcia,Marcelo Garcia,athlete_marcelo-garcia-m,M,ABS,2007
1666,loser,A. Cacareco,A. Cacareco,athlete_a-cacareco-m,M,ABS,2007
1686,winner,Marcelo Garcia,Marcelo Garcia,athlete_marcelo-garcia-m,M,77KG,2007
1686,loser,George Sotiropoulos,George Sotiropoulos,athlete_george-sotiropoulos-m,M,77KG,2007
1688,winner,Marcelo Garcia,Marcelo Garcia,athlete_marcelo-garcia-m,M,77KG,2007
1688,loser,Kurt Pellegrino,Kurt Pellegrino,athlete_kurt-pellegrino-m,M,77KG,2007
2255,winner,Marcelo Garcia,Marcelo Garcia,athlete_marcelo-garcia-m,M,77KG,2009
2255,loser,Keita Nakamura,Keita Nakamura,athlete_keita-nakamura-m,M,77KG,2009
4980,winner,Marcio Andre Barbosa Junior,Marcio Andre Barbosa Junior,athlete_marcio-andre-barbosa-junior-m,M,66KG,2013
4980,loser,Robert Sabaruddin,Robert Sabaruddin,athlete_robert-sabaruddin-m,M,66KG,2013
548,winner,Marcio Cruz,Marcio Cruz,athlete_marcio-cruz-m,M,+99KG,2001
548,loser,Van Arsdale,Van Arsdale,athlete_van-arsdale-m,M,+99KG,2001
809,winner,Marcio Cruz,Marcio Cruz,athlete_marcio-cruz-m,M,+99KG,2003
809,loser,Mike Whitehead,Mike Whitehead,athlete_mike-whitehead-m,M,+99KG,2003
811,winner,Marcio Cruz,Marcio Cruz,athlete_marcio-cruz-m,M,+99KG,2003
811,loser,Jeff Monson,Jeff Monson,athlete_jeff-monson-m,M,+99KG,2003
813,winner,Marcio Cruz,Marcio Cruz,athlete_marcio-cruz-m,M,+99KG,2003
813,loser,Alex Negao,Alex Negao,athlete_alex-negao-m,M,+99KG,2003
816,winner,Marcio Cruz,Marcio Cruz,athlete_marcio-cruz-m,M,ABS,2003
816,loser,Ilir Lafiti,Ilir Lafiti,athlete_ilir-lafiti-m,M,ABS,2003
1207,winner,Marcio Cruz,Marcio Cruz,athlete_marcio-cruz-m,M,+99KG,2005
1207,loser,Miodrag Petkovic,Miodrag Petkovic,athlete_miodrag-petkovic-m,M,+99KG,2005
1213,winner,Marcio Cruz,Marcio Cruz,athlete_marcio-cruz-m,M,+99KG,2005
1213,loser,Daniel Simoes,Daniel Simoes,athlete_daniel-simoes-m,M,+99KG,2005
1718,winner,Marcio Cruz,Marcio Cruz,athlete_marcio-cruz-m,M,+99KG,2007
1718,loser,J. Pietlainen,J. Pietkainen,athlete_j-pietkainen-m,M,+99KG,2007
1722,winner,Marcio Cruz,Marcio Cruz,athlete_marcio-cruz-m,M,+99KG,2007
1722,loser,Darren Andy,Darren Andy,athlete_darren-andy-m,M,+99KG,2007
507,winner,Matt Serra,Matt Serra,athlete_matt-serra-m,M,77KG,2001
507,loser,Takanori Gomi,Takanori Gomi,athlete_takanori-gomi-m,M,77KG,2001
13854,winner,Orlando Sanchez,Orlando Sanchez,athlete_orlando-sanchez-m,M,+99KG,2017
13854,loser,Thomas DeBlass,Thomas DeBlass,athlete_thomas-deblass-m,M,+99KG,2017
3230,winner,Murilo Santana,Murilo Santana,athlete_murilo-santana-m,M,77KG,2011
3230,loser,Jorge Britto,Jorge Britto,athlete_jorge-britto-m,M,77KG,2011
3311,winner,Murilo Santana,Murilo Santana,athlete_murilo-santana-m,M,ABS,2011
3311,loser,Marko Helen,Marko Helen,athlete_marko-helen-m,M,ABS,2011
21838,winner,Murilo Santana,Murilo Santana,athlete_murilo-santana-m,M,88KG,2019
21838,loser,Keller Sodhi,Keller Sodhi,athlete_keller-sodhi-m,M,88KG,2019
4997,winner,Otavio Sousa,Otavio Sousa,athlete_otavio-sousa-m,M,77KG,2013
4997,loser,Youngnam Noh,Youngnam Noh,athlete_youngnam-noh-m,M,77KG,2013
4999,winner,Otavio Sousa,Otavio Sousa,athlete_otavio-sousa-m,M,77KG,2013
4999,loser,Ben Henderson,Ben Henderson,athlete_ben-henderson-m,M,77KG,2013
5044,winner,Orlando Sanchez,Orlando Sanchez,athlete_orlando-sanchez-m,M,+99KG,2013
5044,loser,Kitner Mendoga,Kitner Mendoga,athlete_kitner-mendoga-m,M,+99KG,2013
13845,winner,Orlando Sanchez,Orlando Sanchez,athlete_orlando-sanchez-m,M,+99KG,2017
13845,loser,H. Sekine,H. Sekine,athlete_h-sekine-m,M,+99KG,2017
21817,winner,Orlando Sanchez,Orlando Sanchez,athlete_orlando-sanchez-m,M,+99KG,2019
21817,loser,Mateusz Juskowiak,Mateusz Juskowiak,athlete_mateusz-juskowiak-m,M,+99KG,2019
13914,winner,Pablo Mantovani,Pablo Mantovani,athlete_pablo-mantovani-m,M,66KG,2017
13914,loser,E. Elgland,E. Elgland,athlete_e-elgland-m,M,66KG,2017
1684,winner,Pablo Popovitch,Pablo Popovitch,athlete_pablo-popovitch-m,M,77KG,2007
1684,loser,Eric Dahlberg,Eric Dahlberg,athlete_eric-dahlberg-m,M,77KG,2007
2247,winner,Pablo Popovitch,Pablo Popovitch,athlete_pablo-popovitch-m,M,77KG,2009
2247,loser,Don Ortega,Don Ortega,athlete_don-ortega-m,M,77KG,2009
2253,winner,Pablo Popovitch,Pablo Popovitch,athlete_pablo-popovitch-m,M,77KG,2009
2253,loser,Ben Askren,Ben Askren,athlete_ben-askren-m,M,77KG,2009
5007,winner,Pablo Popovitch,Pablo Popovitch,athlete_pablo-popovitch-m,M,88KG,2013
5007,loser,Doorwang Jeon,Doorwang Jeon,athlete_doorwang-jeon-m,M,88KG,2013
5015,winner,Pablo Popovitch,Pablo Popovitch,athlete_pablo-popovitch-m,M,88KG,2013
5015,loser,David Avellan,David Avellan,athlete_david-avellan-m,M,88KG,2013
13910,winner,Paulo Miyao,Paulo Miyao,athlete_paulo-miyao-m,M,66KG,2017
13910,loser,Janus Andrejczuk,Janus Andrejczuk,athlete_janus-andrejczuk-m,M,66KG,2017
21861,winner,Paulo Miyao,Paulo Miyao,athlete_paulo-miyao-m,M,66KG,2019
21861,loser,Kenta Iwamoto,Kenta Iwamoto,athlete_kenta-iwamoto-m,M,66KG,2019
2266,winner,Rafael Lovato Jr,Rafael Lovato Jr,athlete_rafael-lovato-jr-m,M,88KG,2009
2266,loser,Bruno Bastos,Bruno Bastos,athlete_bruno-bastos-m,M,88KG,2009
1164,winner,Rany Yahya,Rany Yahya,athlete_rany-yahya-m,M,66KG,2005
1164,loser,Wagnney Fabiano,Wagnney Fabiano,athlete_wagnney-fabiano-m,M,66KG,2005
329,winner,Ricardo Liborio,Ricardo Liborio,athlete_ricardo-liborio-m,M,88KG,1999
329,loser,Egan Inoue,Egan Inoue,athlete_egan-inoue-m,M,88KG,1999
35032,winner,Pedro Marinho,Pedro Marinho,athlete_pedro-marinho-m,M,88KG,2022
35032,loser,Jacob Rodriguez,Jacob Rodriguez,athlete_jacob-rodriguez-m,M,88KG,2022
1696,winner,Rafael Lovato Jr,Rafael Lovato Jr,athlete_rafael-lovato-jr-m,M,88KG,2007
1696,loser,Marko Helen,Marko Helen,athlete_marko-helen-m,M,88KG,2007
2262,winner,Rafael Lovato Jr,Rafael Lovato Jr,athlete_rafael-lovato-jr-m,M,88KG,2009
2262,loser,Tom Lawlor,Tom Lawlor,athlete_tom-lawlor-m,M,88KG,2009
3238,winner,Rafael Lovato Jr,Rafael Lovato Jr,athlete_rafael-lovato-jr-m,M,88KG,2011
3238,loser,Jeon Doo,Jeon Doo,athlete_jeon-doo-m,M,88KG,2011
3269,winner,Rafael Lovato Jr,Rafael Lovato Jr,athlete_rafael-lovato-jr-m,M,88KG,2011
3269,loser,Kyle Griffin,Kyle Griffin,athlete_kyle-griffin-m,M,88KG,2011
5009,winner,Rafael Lovato Jr,Rafael Lovato Jr,athlete_rafael-lovato-jr-m,M,88KG,2013
5009,loser,Shinsho Anzai,Shinsho Anzai,athlete_shinsho-anzai-m,M,88KG,2013
5016,winner,Rafael Lovato Jr,Rafael Lovato Jr,athlete_rafael-lovato-jr-m,M,88KG,2013
5016,loser,Rustam Chsiev,Rustam Chsiev,athlete_rustam-chsiev-m,M,88KG,2013
7928,winner,Rafael Lovato Jr,Rafael Lovato Jr,athlete_rafael-lovato-jr-m,M,88KG,2015
7928,loser,Hidemi Mihara,Hidemi Mihara,athlete_hidemi-mihara-m,M,88KG,2015
7990,winner,Rafael Lovato Jr,Rafael Lovato Jr,athlete_rafael-lovato-jr-m,M,ABS,2015
7990,loser,Abdulkadirov Magomed,Abdulkadirov Magomed,athlete_abdulkadirov-magomed-m,M,ABS,2015
13862,winner,Rafael Lovato Jr,Rafael Lovato Jr,athlete_rafael-lovato-jr-m,M,99KG,2017
13862,loser,Eliott Kelly,Eliott Kelly,athlete_eliott-kelly-m,M,99KG,2017
35047,winner,Rafael Lovato Jr,Rafael Lovato Jr,athlete_rafael-lovato-jr-m,M,99KG,2022
35047,loser,Perttu Terpponnen,Perttu Terpponnen,athlete_perttu-terpponnen-m,M,99KG,2022
763,winner,Rany Yahya,Rany Yahya,athlete_rany-yahya-m,M,66KG,2003
763,loser,Teemu Launis,Teemu Launis,athlete_teemu-launis-m,M,66KG,2003
1162,winner,Rany Yahya,Rany Yahya,athlete_rany-yahya-m,M,66KG,2005
1162,loser,Mario Delgado,Mario Delgado,athlete_mario-delgado-m,M,66KG,2005
1674,winner,Rany Yahya,Rany Yahya,athlete_rany-yahya-m,M,66KG,2007
1674,loser,Darrel Moodley,Darrel Moodley,athlete_darrel-moodley-m,M,66KG,2007
2230,winner,Rany Yahya,Rany Yahya,athlete_rany-yahya-m,M,66KG,2009
2230,loser,Kouhei Yasumi,Kouhei Yasumi,athlete_kouhei-yasumi-m,M,66KG,2009
153,winner,Renzo Gracie,Renzo Gracie,athlete_renzo-gracie-m,M,77KG,1998
153,loser,Frank Trigg,Frank Trigg,athlete_frank-trigg-m,M,77KG,1998
157,winner,Renzo Gracie,Renzo Gracie,athlete_renzo-gracie-m,M,77KG,1998
157,loser,Rodrigo Modrias,Rodrigo Modrias,athlete_rodrigo-modrias-m,M,77KG,1998
159,winner,Renzo Gracie,Renzo Gracie,athlete_renzo-gracie-m,M,77KG,1998
159,loser,Fabiano Iha,Fabiano Iha,athlete_fabiano-iha-m,M,77KG,1998
421,winner,Renzo Gracie,Renzo Gracie,athlete_renzo-gracie-m,M,77KG,2000
421,loser,Israel Albuquerque,Israel Albuquerque,athlete_israel-albuquerque-m,M,77KG,2000
522,winner,Renzo Gracie,Renzo Gracie,athlete_renzo-gracie-m,M,88KG,2001
522,loser,Chris Brown,Chris Brown,athlete_chris-brown-m,M,88KG,2001
778,winner,Renzo Gracie,Renzo Gracie,athlete_renzo-gracie-m,M,77KG,2003
778,loser,G. Sotiropoulos,G. Sotiropoulos,athlete_g-sotiropoulos-m,M,77KG,2003
461,winner,Ricardo Almeida,Ricardo Almeida,athlete_ricardo-almeida-m,M,ABS,2000
461,loser,Josh Barnet,Josh Barnet,athlete_josh-barnet-m,M,ABS,2000
538,winner,Ricardo Almeida,Ricardo Almeida,athlete_ricardo-almeida-m,M,99KG,2001
538,loser,Y. Setsenko,Y. Setsenko,athlete_y-setsenko-m,M,99KG,2001
545,winner,Ricardo Almeida,Ricardo Almeida,athlete_ricardo-almeida-m,M,99KG,2001
545,loser,A. Cacareco,A. Cacareco,athlete_a-cacareco-m,M,99KG,2001
562,winner,Ricardo Almeida,Ricardo Almeida,athlete_ricardo-almeida-m,M,ABS,2001
562,loser,Marshurenko,Marshurenko,athlete_marshurenko-m,M,ABS,2001
567,winner,Ricardo Almeida,Ricardo Almeida,athlete_ricardo-almeida-m,M,ABS,2001
567,loser,M. Van,M. Van,athlete_m-van-m,M,ABS,2001
791,winner,Ricardo Almeida,Ricardo Almeida,athlete_ricardo-almeida-m,M,88KG,2003
791,loser,Andy Reese,Andy Reese,athlete_andy-reese-m,M,88KG,2003
446,winner,Ricardo Arona,Ricardo Arona,athlete_ricardo-arona-m,M,99KG,2000
446,loser,Kareem Barkalev,Kareem Barkalev,athlete_kareem-barkalev-m,M,99KG,2000
540,winner,Ricardo Arona,Ricardo Arona,athlete_ricardo-arona-m,M,99KG,2001
540,loser,R. Babalu,R. Babalu,athlete_r-babalu-m,M,99KG,2001
557,winner,Ricardo Arona,Ricardo Arona,athlete_ricardo-arona-m,M,ABS,2001
557,loser,Roger Neff,Roger Neff,athlete_roger-neff-m,M,ABS,2001
568,winner,Ricardo Arona,Ricardo Arona,athlete_ricardo-arona-m,M,ABS,2001
568,loser,Vitor Belfort,Vitor Belfort,athlete_vitor-belfort-m,M,ABS,2001
320,winner,Ricardo Liborio,Ricardo Liborio,athlete_ricardo-liborio-m,M,88KG,1999
320,loser,Akihiro Gono,Akihiro Gono,athlete_akihiro-gono-m,M,88KG,1999
326,winner,Ricardo Liborio,Ricardo Liborio,athlete_ricardo-liborio-m,M,88KG,1999
326,loser,Luis Orlando,Luis Orlando,athlete_luis-orlando-m,M,88KG,1999
429,winner,Ricardo Liborio,Ricardo Liborio,athlete_ricardo-liborio-m,M,88KG,2000
429,loser,Toshiyuki Oyama,Toshiyuki Oyama,athlete_toshiyuki-oyama-m,M,88KG,2000
4977,winner,Ricardo Vieira,Ricardo Vieira,athlete_ricardo-vieira-m,M,66KG,2013
4977,loser,Yuta Sasaki,Yuta Sasaki,athlete_yuta-sasaki-m,M,66KG,2013
2287,winner,Roberto Abreu,Roberto Abreu,athlete_roberto-abreu-m,M,+99KG,2009
2287,loser,Thomas DeBlass,Thomas DeBlass,athlete_thomas-deblass-m,M,+99KG,2009
369,winner,Roberto Traven,Roberto Traven,athlete_roberto-traven-m,M,ABS,1999
369,loser,Garth Taylor,Garth Taylor,athlete_garth-taylor-m,M,ABS,1999
442,winner,Rodrigo Medeiros,Rodrigo Medeiros,athlete_rodrigo-medeiros-m,M,99KG,2000
442,loser,Travis Lutter,Travis Lutter,athlete_travis-lutter-m,M,99KG,2000
330,winner,Rigan Machado,Rigan Machado,athlete_rigan-machado-m,M,99KG,1999
330,loser,Sanae Kikuta,Sanae Kikuta,athlete_sanae-kikuta-m,M,99KG,1999
335,winner,Rigan Machado,Rigan Machado,athlete_rigan-machado-m,M,99KG,1999
335,loser,Jerry Bolander,Jerry Bolander,athlete_jerry-bolander-m,M,99KG,1999
455,winner,Rigan Machado,Rigan Machado,athlete_rigan-machado-m,M,+99KG,2000
455,loser,Pete Williams,Pete Williams,athlete_pete-williams-m,M,+99KG,2000
802,winner,Rigan Machado,Rigan Machado,athlete_rigan-machado-m,M,99KG,2003
802,loser,Yuki Ozawa,Yuki Ozawa,athlete_yuki-ozawa-m,M,99KG,2003
2290,winner,Roberto Abreu,Roberto Abreu,athlete_roberto-abreu-m,M,+99KG,2009
2290,loser,Asa Fuller,Asa Fuller,athlete_asa-fuller-m,M,+99KG,2009
3254,winner,Roberto Abreu,Roberto Abreu,athlete_roberto-abreu-m,M,+99KG,2011
3254,loser,Sekine Hideki,Sekine Hideki,athlete_sekine-hideki-m,M,+99KG,2011
5043,winner,Roberto Abreu,Roberto Abreu,athlete_roberto-abreu-m,M,+99KG,2013
5043,loser,Mike Martelle,Mike Martelle,athlete_mike-martelle-m,M,+99KG,2013
5057,winner,Roberto Abreu,Roberto Abreu,athlete_roberto-abreu-m,M,ABS,2013
5057,loser,Kamil Huminski,Kamil Huminski,athlete_kamil-huminski-m,M,ABS,2013
13850,winner,Roberto Abreu,Roberto Abreu,athlete_roberto-abreu-m,M,+99KG,2017
13850,loser,Khazmat Stambulov,Khazmat Stambulov,athlete_khazmat-stambulov-m,M,+99KG,2017
21824,winner,Roberto Abreu,Roberto Abreu,athlete_roberto-abreu-m,M,+99KG,2019
21824,loser,John Hansen,John Hansen,athlete_john-hansen-m,M,+99KG,2019
331,winner,Roberto Traven,Roberto Traven,athlete_roberto-traven-m,M,99KG,1999
331,loser,Jurie Rachel,Jurie Rachel,athlete_jurie-rachel-m,M,99KG,1999
365,winner,Roberto Traven,Roberto Traven,athlete_roberto-traven-m,M,ABS,1999
365,loser,Luis Roberto,Luis Roberto,athlete_luis-roberto-m,M,ABS,1999
370,winner,Roberto Traven,Roberto Traven,athlete_roberto-traven-m,M,ABS,1999
370,loser,Hayato Sakurai,Hayato Sakurai,athlete_hayato-sakurai-m,M,ABS,1999
495,winner,Robson Moura,Robson Moura,athlete_robson-moura-m,M,66KG,2001
495,loser,Hiroyuko Abe,Hiroyuko Abe,athlete_hiroyuko-abe-m,M,66KG,2001
498,winner,Robson Moura,Robson Moura,athlete_robson-moura-m,M,66KG,2001
498,loser,Joe Guilbert,Joe Guilbert,athlete_joe-guilbert-m,M,66KG,2001
3222,winner,Robson Moura,Robson Moura,athlete_robson-moura-m,M,66KG,2011
3222,loser,Greger Forsel,Greger Forsel,athlete_greger-forsel-m,M,66KG,2011
3248,winner,Rodolfo Vieira,Rodolfo Vieira,athlete_rodolfo-vieira-m,M,99KG,2011
3248,loser,Joseph Lee,Joseph Lee,athlete_joseph-lee-m,M,99KG,2011
7989,winner,Rodolfo Vieira,Rodolfo Vieira,athlete_rodolfo-vieira-m,M,ABS,2015
7989,loser,Ben Henderson,Ben Henderson,athlete_ben-henderson-m,M,ABS,2015
162,winner,Rodrigo Gracie,Rodrigo Gracie,athlete_rodrigo-gracie-m,M,88KG,1998
162,loser,Adrian Serrano,Adrian Serrano,athlete_adrian-serrano-m,M,88KG,1998
163,winner,Rodrigo Gracie,Rodrigo Gracie,athlete_rodrigo-gracie-m,M,88KG,1998
163,loser,Carlos Newton,Carlos Newton,athlete_carlos-newton-m,M,88KG,1998
164,winner,Rodrigo Gracie,Rodrigo Gracie,athlete_rodrigo-gracie-m,M,88KG,1998
164,loser,Ahmad Faraj,Ahmad Faraj,athlete_ahmad-faraj-m,M,88KG,1998
512,winner,Rodrigo Gracie,Rodrigo Gracie,athlete_rodrigo-gracie-m,M,77KG,2001
512,loser,Gavin Kulper,Gavin Kulper,athlete_gavin-kulper-m,M,77KG,2001
789,winner,Rodrigo Medeiros,Rodrigo Medeiros,athlete_rodrigo-medeiros-m,M,88KG,2003
789,loser,Nathan Marquardt,Nathan Marquardt,athlete_nathan-marquardt-m,M,88KG,2003
1206,winner,Roger Gracie,Roger Gracie,athlete_roger-gracie-m,M,99KG,2005
1206,loser,Justin Garcia,Justin Garcia,athlete_justin-garcia-m,M,99KG,2005
1724,winner,Roger Gracie,Roger Gracie,athlete_roger-gracie-m,M,ABS,2007
1724,loser,Jon Einemo,Jon Einemo,athlete_jon-einemo-m,M,ABS,2007
1698,winner,Romulo Barral,Romulo Barral,athlete_romulo-barral-m,M,88KG,2007
1698,loser,Travers Grubb,Travers Grubb,athlete_travers-grubb-m,M,88KG,2007
2285,winner,Romulo Barral,Romulo Barral,athlete_romulo-barral-m,M,+99KG,2009
2285,loser,Denis Roberts,Denis Roberts,athlete_denis-roberts-m,M,+99KG,2009
5013,winner,Romulo Barral,Romulo Barral,athlete_romulo-barral-m,M,88KG,2013
5013,loser,Kim Dong,Kim Dong,athlete_kim-dong-m,M,88KG,2013
7924,winner,Romulo Barral,Romulo Barral,athlete_romulo-barral-m,M,88KG,2015
7924,loser,C. Jones,Craig Jones,athlete_craig-jones-m,M,88KG,2015
7932,winner,Romulo Barral,Romulo Barral,athlete_romulo-barral-m,M,88KG,2015
7932,loser,Nieman Gracie,Nieman Gracie,athlete_nieman-gracie-m,M,88KG,2015
1188,winner,Ronaldo Souza,Ronaldo Souza,athlete_ronaldo-souza-m,M,88KG,2005
1188,loser,David Bielkheden,David Bielkheden,athlete_david-bielkheden-m,M,88KG,2005
1193,winner,Ronaldo Souza,Ronaldo Souza,athlete_ronaldo-souza-m,M,88KG,2005
1193,loser,Dennis Hallman,Dennis Hallman,athlete_dennis-hallman-m,M,88KG,2005
1227,winner,Ronaldo Souza,Ronaldo Souza,athlete_ronaldo-souza-m,M,ABS,2005
1227,loser,David Avellan,David Avellan,athlete_david-avellan-m,M,ABS,2005
1231,winner,Ronaldo Souza,Ronaldo Souza,athlete_ronaldo-souza-m,M,ABS,2005
1231,loser,A. Cacareco,A. Cacareco,athlete_a-cacareco-m,M,ABS,2005
308,winner,Royler Gracie,Royler Gracie,athlete_royler-gracie-m,M,66KG,1999
308,loser,Joao Roque,Joao Roque,athlete_joao-roque-m,M,66KG,1999
339,winner,Saulo Ribeiro,Saulo Ribeiro,athlete_saulo-ribeiro-m,M,99KG,1999
339,loser,Murilo Bustamante,Murilo Bustamante,athlete_murilo-bustamante-m,M,99KG,1999
3241,winner,Sergio Moraes,Sergio Moraes,athlete_sergio-moraes-m,M,88KG,2011
3241,loser,James Harbison,James Harbison,athlete_james-harbison-m,M,88KG,2011
521,winner,Saulo Ribeiro,Saulo Ribeiro,athlete_saulo-ribeiro-m,M,88KG,2001
521,loser,Travis Lutter,Travis Lutter,athlete_travis-lutter-m,M,88KG,2001
3236,winner,Rousimar Palhares,Rousimar Palhares,athlete_rousimar-palhares-m,M,88KG,2011
3236,loser,Dan Schon,Dan Schon,athlete_dan-schon-m,M,88KG,2011
303,winner,Royler Gracie,Royler Gracie,athlete_royler-gracie-m,M,66KG,1999
303,loser,Juan Valles,Juan Valles,athlete_juan-valles-m,M,66KG,1999
312,winner,Royler Gracie,Royler Gracie,athlete_royler-gracie-m,M,66KG,1999
312,loser,Melchor M.,Melchor M.,athlete_melchor-m-m,M,66KG,1999
412,winner,Royler Gracie,Royler Gracie,athlete_royler-gracie-m,M,66KG,2000
412,loser,A. Hamlet,A. Hamlet,athlete_a-hamlet-m,M,66KG,2000
493,winner,Royler Gracie,Royler Gracie,athlete_royler-gracie-m,M,66KG,2001
493,loser,Martin Brown,Martin Brown,athlete_martin-brown-m,M,66KG,2001
500,winner,Royler Gracie,Royler Gracie,athlete_royler-gracie-m,M,66KG,2001
500,loser,Mike Cardosa,Mike Cardosa,athlete_mike-cardosa-m,M,66KG,2001
760,winner,Royler Gracie,Royler Gracie,athlete_royler-gracie-m,M,66KG,2003
760,loser,Charles Pearson,Charles Pearson,athlete_charles-pearson-m,M,66KG,2003
2232,winner,Rubens Charles,Rubens Charles,athlete_rubens-charles-m,M,66KG,2009
2232,loser,Hiroshi Nakamura,Hiroshi Nakamura,athlete_hiroshi-nakamura-m,M,66KG,2009
2237,winner,Rubens Charles,Rubens Charles,athlete_rubens-charles-m,M,66KG,2009
2237,loser,Joel Tudor,Joel Tudor,athlete_joel-tudor-m,M,66KG,2009
3224,winner,Rubens Charles,Rubens Charles,athlete_rubens-charles-m,M,66KG,2011
3224,loser,David Marinakis,David Marinakis,athlete_david-marinakis-m,M,66KG,2011
7957,winner,Rubens Charles,Rubens Charles,athlete_rubens-charles-m,M,66KG,2015
7957,loser,Tezekbaev Rasul,Tezekbaev Rasul,athlete_tezekbaev-rasul-m,M,66KG,2015
13908,winner,Rubens Charles,Rubens Charles,athlete_rubens-charles-m,M,66KG,2017
13908,loser,U. Zhakshylyk,U. Zhakshylyk,athlete_u-zhakshylyk-m,M,66KG,2017
13916,winner,Rubens Charles,Rubens Charles,athlete_rubens-charles-m,M,66KG,2017
13916,loser,Kuba Witkowski,Kuba Witkowski,athlete_kuba-witkowski-m,M,66KG,2017
338,winner,Saulo Ribeiro,Saulo Ribeiro,athlete_saulo-ribeiro-m,M,99KG,1999
338,loser,Vernon White,Vernon White,athlete_vernon-white-m,M,99KG,1999
433,winner,Saulo Ribeiro,Saulo Ribeiro,athlete_saulo-ribeiro-m,M,88KG,2000
433,loser,Jerry Bolander,Jerry Bolander,athlete_jerry-bolander-m,M,88KG,2000
437,winner,Saulo Ribeiro,Saulo Ribeiro,athlete_saulo-ribeiro-m,M,88KG,2000
437,loser,Dave Menne,Dave Menne,athlete_dave-menne-m,M,88KG,2000
527,winner,Saulo Ribeiro,Saulo Ribeiro,athlete_saulo-ribeiro-m,M,88KG,2001
527,loser,R. Anderson,R. Anderson,athlete_r-anderson-m,M,88KG,2001
561,winner,Saulo Ribeiro,Saulo Ribeiro,athlete_saulo-ribeiro-m,M,ABS,2001
561,loser,T. Yano,T. Yano,athlete_t-yano-m,M,ABS,2001
790,winner,Saulo Ribeiro,Saulo Ribeiro,athlete_saulo-ribeiro-m,M,88KG,2003
790,loser,Yuki Sasaki,Yuki Sasaki,athlete_yuki-sasaki-m,M,88KG,2003
819,winner,Saulo Ribeiro,Saulo Ribeiro,athlete_saulo-ribeiro-m,M,ABS,2003
819,loser,Jeff Monson,Jeff Monson,athlete_jeff-monson-m,M,ABS,2003
1185,winner,Saulo Ribeiro,Saulo Ribeiro,athlete_saulo-ribeiro-m,M,88KG,2005
1185,loser,L. Papadopoulis,L. Papadopoulis,athlete_l-papadopoulis-m,M,88KG,2005
1194,winner,Saulo Ribeiro,Saulo Ribeiro,athlete_saulo-ribeiro-m,M,88KG,2005
1194,loser,Dennis Hallman,Dennis Hallman,athlete_dennis-hallman-m,M,88KG,2005
2286,winner,Saulo Ribeiro,Saulo Ribeiro,athlete_saulo-ribeiro-m,M,+99KG,2009
2286,loser,Kouji Kanechika,Kouji Kanechika,athlete_kouji-kanechika-m,M,+99KG,2009
1697,winner,Tarsis Humpreys,Tarsis Humpreys,athlete_tarsis-humpreys-m,M,88KG,2007
1697,loser,Jorge Santiago,Jorge Santiago,athlete_jorge-santiago-m,M,88KG,2007
1700,winner,Tarsis Humpreys,Tarsis Humpreys,athlete_tarsis-humpreys-m,M,88KG,2007
1700,loser,David Avellan,David Avellan,athlete_david-avellan-m,M,88KG,2007
2261,winner,Tarsis Humpreys,Tarsis Humpreys,athlete_tarsis-humpreys-m,M,88KG,2009
2261,loser,I. Praporshchikov,Igor Praporschchikov,athlete_igor-praporschchikov-m,M,88KG,2009
3278,winner,Vinicius Magalhaes,Vinicius Magalhaes,athlete_vinicius-magalhaes-m,M,+99KG,2011
3278,loser,Jose Junior,Jose Junior,athlete_jose-junior-m,M,+99KG,2011
3288,winner,Vinicius Magalhaes,Vinicius Magalhaes,athlete_vinicius-magalhaes-m,M,+99KG,2011
3288,loser,Gerardi Rinaldi,Gerardi Rinaldi,athlete_gerardi-rinaldi-m,M,+99KG,2011
3308,winner,Vinicius Magalhaes,Vinicius Magalhaes,athlete_vinicius-magalhaes-m,M,ABS,2011
3308,loser,Bruno Bastos,Bruno Bastos,athlete_bruno-bastos-m,M,ABS,2011
13846,winner,Vinicius Magalhaes,Vinicius Magalhaes,athlete_vinicius-magalhaes-m,M,+99KG,2017
13846,loser,Bruno Bastos,Bruno Bastos,athlete_bruno-bastos-m,M,+99KG,2017
2309,winner,Vinicius Magalhaes,Vinicius Magalhaes,athlete_vinicius-magalhaes-m,M,ABS,2009
2309,loser,Gunnar Nelson,Gunnar Nelson,athlete_gunnar-nelson-m,M,ABS,2009
7941,winner,Vagner Rocha,Vagner Rocha,athlete_vagner-rocha-m,M,77KG,2015
7941,loser,Milton Vieira,Milton Vieira,athlete_milton-vieira-m,M,77KG,2015
13895,winner,Vagner Rocha,Vagner Rocha,athlete_vagner-rocha-m,M,77KG,2017
13895,loser,Tero Pyylampi,Tero Pyylampi,athlete_tero-pyylampi-m,M,77KG,2017
35029,winner,Vagner Rocha,Vagner Rocha,athlete_vagner-rocha-m,M,88KG,2022
35029,loser,Isaak Michel,Isaak Michel,athlete_isaak-michel-m,M,88KG,2022
35041,winner,Vagner Rocha,Vagner Rocha,athlete_vagner-rocha-m,M,88KG,2022
35041,loser,Eoghan OFlanagan,Eoghan OFlanagan,athlete_eoghan-oflanagan-m,M,88KG,2022
3229,winner,Victor Estima,Victor Estima,athlete_victor-estima-m,M,77KG,2011
3229,loser,Sanshiro Nakamura,Sanshiro Nakamura,athlete_sanshiro-nakamura-m,M,77KG,2011
2302,winner,Vinicius Magalhaes,Vinicius Magalhaes,athlete_vinicius-magalhaes-m,M,ABS,2009
2302,loser,Chris Wideman,Chris Weidman,athlete_chris-weidman-m,M,ABS,2009
3256,winner,Vinicius Magalhaes,Vinicius Magalhaes,athlete_vinicius-magalhaes-m,M,+99KG,2011
3256,loser,Luke Costello,Luke Costello,athlete_luke-costello-m,M,+99KG,2011
5037,winner,Vinicius Magalhaes,Vinicius Magalhaes,athlete_vinicius-magalhaes-m,M,+99KG,2013
5037,loser,Wang Yan,Wang Yan,athlete_wang-yan-m,M,+99KG,2013
7893,winner,Vinicius Magalhaes,Vinicius Magalhaes,athlete_vinicius-magalhaes-m,M,+99KG,2015
7893,loser,P. Ardilla,Paul Ardila-Ibarra,athlete_paul-ardilaibarra-m,M,+99KG,2015
418,winner,Vitor Ribeiro,Vitor Ribeiro,athlete_vitor-ribeiro-m,M,77KG,2000
418,loser,Rumina Sato,Rumina Sato,athlete_rumina-sato-m,M,77KG,2000
784,winner,Vitor Ribeiro,Vitor Ribeiro,athlete_vitor-ribeiro-m,M,77KG,2003
784,loser,Chris Brown,Chris Brown,athlete_chris-brown-m,M,77KG,2003
1711,winner,Braulio Estima,Braulio Estima,athlete_braulio-estima-m,M,99KG,2007
1711,loser,Cristiano Lazzarini,Cristiano Lazzarini,athlete_cristiano-lazzarini-m,M,99KG,2007
793,winner,David Terrell,David Terrell,athlete_david-terrell-m,M,88KG,2003
793,loser,Fernando Vieira,Fernando Vieira,athlete_fernando-vieira-m,M,88KG,2003
5033,winner,Dean Lister,Dean Lister,athlete_dean-lister-m,M,99KG,2013
5033,loser,Cristiano Lazzarini,Cristiano Lazzarini,athlete_cristiano-lazzarini-m,M,99KG,2013
3303,winner,Gabrielle Garcia,Gabrielle Garcia,athlete_gabrielle-garcia-f,F,+60KG,2011
3303,loser,Hanette Staack,Hanette Staack,athlete_hanette-staack-f,F,+60KG,2011
371,winner,Ricco Rodriguez,Ricco Rodriguez,athlete_ricco-rodriguez-m,M,ABS,1999
371,loser,Garth Taylor,Garth Taylor,athlete_garth-taylor-m,M,ABS,1999
13944,winner,Gabrielle Garcia,Gabrielle Garcia,athlete_gabrielle-garcia-f,F,+60KG,2017
13944,loser,Jessica Flowers,Jessica Flowers,athlete_jessica-flowers-f,F,+60KG,2017
824,winner,Fabricio Werdum,Fabricio Werdum,athlete_fabricio-werdum-m,M,ABS,2003
824,loser,Akira Soji,Akira Shoji,athlete_akira-shoji-m,M,ABS,2003
783,winner,Marcelo Garcia,Marcelo Garcia,athlete_marcelo-garcia-m,M,77KG,2003
783,loser,Otto Olsen,Otto Olsen,athlete_otto-olsen-m,M,77KG,2003
544,winner,Ricardo Arona,Ricardo Arona,athlete_ricardo-arona-m,M,99KG,2001
544,loser,Olav Einemo,Olav Einemo,athlete_olav-einemo-m,M,99KG,2001
7966,winner,Bruno Frazatto,Bruno Frazatto,athlete_bruno-frazatto-m,M,66KG,2015
7966,loser,Renan Sancar,Renan Sancar,athlete_renan-sancar-m,M,66KG,2015
21851,winner,Gary Tonon,Gary Tonon,athlete_gary-tonon-m,M,77KG,2019
21851,loser,Mateusz Garmot,Mateusz Garmot,athlete_mateusz-garmot-m,M,77KG,2019
5014,winner,Keenan Cornelius,Keenan Cornelius,athlete_keenan-cornelius-m,M,88KG,2013
5014,loser,Oskar Piechota,Oskar Piechota,athlete_oskar-piechota-m,M,88KG,2013
5059,winner,Keenan Cornelius,Keenan Cornelius,athlete_keenan-cornelius-m,M,ABS,2013
5059,loser,Oskar Piechota,Oskar Piechota,athlete_oskar-piechota-m,M,ABS,2013
13884,winner,Keenan Cornelius,Keenan Cornelius,athlete_keenan-cornelius-m,M,88KG,2017
13884,loser,Kaynan D.,Kaynan Duarte,athlete_kaynan-duarte-m,M,88KG,2017
2234,winner,Rafael Mendes,Rafael Mendes,athlete_rafael-mendes-m,M,66KG,2009
2234,loser,Jayson Patino,Jayson Patino,athlete_jayson-patino-m,M,66KG,2009
21828,winner,Patrick Gaudio,Patrick Gaudio,athlete_patrick-gaudio-m,M,99KG,2019
21828,loser,Mraz Avdoyan,Mraz Avdoyan,athlete_mraz-avdoyan-m,M,99KG,2019
453,winner,Ricco Rodriguez,Ricco Rodriguez,athlete_ricco-rodriguez-m,M,+99KG,2000
453,loser,Rodrigo Minotauro,Rodrigo Minotauro,athlete_rodrigo-minotauro-m,M,+99KG,2000
551,winner,Ricco Rodriguez,Ricco Rodriguez,athlete_ricco-rodriguez-m,M,+99KG,2001
551,loser,Roger Neff,Roger Neff,athlete_roger-neff-m,M,+99KG,2001
7914,winner,Cassio Francis,Cassio Francis,athlete_cassio-francis-m,M,99KG,2015
7914,loser,Tobias G,Tobias G,athlete_tobias-g-m,M,99KG,2015
1714,winner,Alexandre Ribeiro,Alexandre Ribeiro,athlete_alexandre-ribeiro-m,M,99KG,2007
1714,loser,Robert Drysdale,Robert Drysdale,athlete_robert-drysdale-m,M,99KG,2007
311,winner,Alexandre de Freitas,Alexandre de Freitas,athlete_alexandre-de-freitas-m,M,66KG,1999
311,loser,Sasha Palvski,Sasha Palvski,athlete_sasha-palvski-m,M,66KG,1999
3244,winner,Alexandre Ribeiro,Alexandre Ribeiro,athlete_alexandre-ribeiro-m,M,99KG,2011
3244,loser,Kari Petola,Kari Petola,athlete_kari-petola-m,M,99KG,2011
1693,winner,Andre Galvao,Andre Galvao,athlete_andre-galvao-m,M,77KG,2007
1693,loser,Mike Fowler,Mike Fowler,athlete_mike-fowler-m,M,77KG,2007
35077,winner,Ffion Davies,Ffion Davies,athlete_ffion-davies-f,F,60KG,2022
35077,loser,Beatriz Mesquita,Beatriz Mesquita,athlete_beatriz-mesquita-f,F,60KG,2022
35075,winner,Ffion Davies,Ffion Davies,athlete_ffion-davies-f,F,60KG,2022
35075,loser,Adele Fornarino,Adele Fornarino,athlete_adele-fornarino-f,F,60KG,2022
314,winner,Jean Jacques Machado,Jean Jacques Machado,athlete_jean-jacques-machado-m,M,77KG,1999
314,loser,Ryan Harvey,Ryan Harvey,athlete_ryan-harvey-m,M,77KG,1999
316,winner,Jean Jacques Machado,Jean Jacques Machado,athlete_jean-jacques-machado-m,M,77KG,1999
316,loser,Hayato Sakurai,Hayato Sakurai,athlete_hayato-sakurai-m,M,77KG,1999
317,winner,Jean Jacques Machado,Jean Jacques Machado,athlete_jean-jacques-machado-m,M,77KG,1999
317,loser,Caol Uno,Caol Uno,athlete_caol-uno-m,M,77KG,1999
3226,winner,Jeff Glover,Jeff Glover,athlete_jeff-glover-m,M,66KG,2011
3226,loser,Tom Barlow,Tom Barlow,athlete_tom-barlow-m,M,66KG,2011
5046,winner,Joao Gabriel Rocha,Joao Gabriel Rocha,athlete_joao-gabriel-rocha-m,M,+99KG,2013
5046,loser,Janne Pietilainen,Janne Pietilainen,athlete_janne-pietilainen-m,M,+99KG,2013
170,winner,Jose Mario Sperry,Jose Mario Sperry,athlete_jose-mario-sperry-m,M,99KG,1998
170,loser,Ricardo Alves,Ricardo Alves,athlete_ricardo-alves-m,M,99KG,1998
1670,winner,Leonardo Vieira,Leonardo Vieira,athlete_leonardo-vieira-m,M,66KG,2007
1670,loser,Sim Go,Sim Go,athlete_sim-go-m,M,66KG,2007
1212,winner,Marcio Corleta,Marcio Corleta,athlete_marcio-corleta-m,M,+99KG,2005
1212,loser,Jason White,Jason White,athlete_jason-white-m,M,+99KG,2005
35062,winner,Nick Rodriguez,Nick Rodriguez,athlete_nick-rodriguez-m,M,+99KG,2022
35062,loser,Damon Ramos,Damon Ramos,athlete_damon-ramos-m,M,+99KG,2022
35069,winner,Nick Rodriguez,Nick Rodriguez,athlete_nick-rodriguez-m,M,+99KG,2022
35069,loser,John Hansen,John Hansen,athlete_john-hansen-m,M,+99KG,2022
7895,winner,Orlando Sanchez,Orlando Sanchez,athlete_orlando-sanchez-m,M,+99KG,2015
7895,loser,Janne-Pekka,Janne-Pekka,athlete_jannepekka-m,M,+99KG,2015
1180,winner,Pablo Popovitch,Pablo Popovitch,athlete_pablo-popovitch-m,M,77KG,2005
1180,loser,Roan Jucao,Roan Jucao,athlete_roan-jucao-m,M,77KG,2005
3306,winner,Pablo Popovitch,Pablo Popovitch,athlete_pablo-popovitch-m,M,ABS,2011
3306,loser,Janne-Pekka,Janne-Pekka,athlete_jannepekka-m,M,ABS,2011
7926,winner,Pablo Popovitch,Pablo Popovitch,athlete_pablo-popovitch-m,M,88KG,2015
7926,loser,Zbigniew Tyszka,Zbigniew Tyszka,athlete_zbigniew-tyszka-m,M,88KG,2015
1675,winner,Rany Yahya,Rany Yahya,athlete_rany-yahya-m,M,66KG,2007
1675,loser,Bruno Chavez,Bruno Chavez,athlete_bruno-chavez-m,M,66KG,2007
161,winner,Renzo Gracie,Renzo Gracie,athlete_renzo-gracie-m,M,77KG,1998
161,loser,Luis Brito,Luis Brito,athlete_luis-brito-m,M,77KG,1998
322,winner,Renzo Gracie,Renzo Gracie,athlete_renzo-gracie-m,M,88KG,1999
322,loser,Fan Yi,Fan Yi,athlete_fan-yi-m,M,88KG,1999
444,winner,Ricardo Arona,Ricardo Arona,athlete_ricardo-arona-m,M,99KG,2000
444,loser,H. Kanehara,H. Kanehara,athlete_h-kanehara-m,M,99KG,2000
447,winner,Ricardo Arona,Ricardo Arona,athlete_ricardo-arona-m,M,99KG,2000
447,loser,Tito Ortiz,Tito Ortiz,athlete_tito-ortiz-m,M,99KG,2000
448,winner,Ricardo Arona,Ricardo Arona,athlete_ricardo-arona-m,M,99KG,2000
448,loser,Jeff Monson,Jeff Monson,athlete_jeff-monson-m,M,99KG,2000
534,winner,Ricardo Arona,Ricardo Arona,athlete_ricardo-arona-m,M,99KG,2001
534,loser,R. Mashurenko,R. Mashurenko,athlete_r-mashurenko-m,M,99KG,2001
525,winner,Ricardo Liborio,Ricardo Liborio,athlete_ricardo-liborio-m,M,88KG,2001
525,loser,Tamura,Tamura,athlete_tamura-m,M,88KG,2001
21820,winner,Roberto Abreu,Roberto Abreu,athlete_roberto-abreu-m,M,+99KG,2019
21820,loser,Hudson Taylor,Hudson Taylor,athlete_hudson-taylor-m,M,+99KG,2019
360,winner,Roberto Traven,Roberto Traven,athlete_roberto-traven-m,M,ABS,1999
360,loser,F. Capoane,F. Capoane,athlete_f-capoane-m,M,ABS,1999
7915,winner,Rodolfo Vieira,Rodolfo Vieira,athlete_rodolfo-vieira-m,M,99KG,2015
7915,loser,Adam Sachnoff,Adam Sachnoff,athlete_adam-sachnoff-m,M,99KG,2015
7898,winner,Rodrigo Cavaca,Rodrigo Cavaca,athlete_rodrigo-cavaca-m,M,+99KG,2015
7898,loser,Hideki Sekine,Hideki Sekine,athlete_hideki-sekine-m,M,+99KG,2015
165,winner,Rodrigo Gracie,Rodrigo Gracie,athlete_rodrigo-gracie-m,M,88KG,1998
165,loser,Kareem Barkalev,Kareem Barkalev,athlete_kareem-barkalev-m,M,88KG,1998
506,winner,Rodrigo Gracie,Rodrigo Gracie,athlete_rodrigo-gracie-m,M,77KG,2001
506,loser,Genki Sudo,Genki Sudo,athlete_genki-sudo-m,M,77KG,2001
792,winner,Ronaldo Souza,Ronaldo Souza,athlete_ronaldo-souza-m,M,88KG,2003
792,loser,Matt Lindland,Matt Lindland,athlete_matt-lindland-m,M,88KG,2003
1191,winner,Ronaldo Souza,Ronaldo Souza,athlete_ronaldo-souza-m,M,88KG,2005
1191,loser,Robert Sulski,Robert Sulski,athlete_robert-sulski-m,M,88KG,2005
408,winner,Royler Gracie,Royler Gracie,athlete_royler-gracie-m,M,66KG,2000
408,loser,J. Wakabayashi,J. Wakabayashi,athlete_j-wakabayashi-m,M,66KG,2000
4979,winner,Rubens Charles,Rubens Charles,athlete_rubens-charles-m,M,66KG,2013
4979,loser,D. Hemmings,D. Hemmings,athlete_d-hemmings-m,M,66KG,2013
1685,winner,Saulo Ribeiro,Saulo Ribeiro,athlete_saulo-ribeiro-m,M,77KG,2007
1685,loser,Takefuni Hanai,Takefuni Hanai,athlete_takefuni-hanai-m,M,77KG,2007
35061,winner,Victor Hugo,Victor Hugo,athlete_victor-hugo-m,M,+99KG,2022
35061,loser,Dan Manasoiu,Dan Manasoiu,athlete_dan-manasoiu-m,M,+99KG,2022
21874,winner,Bianca Basilio,Bianca Basilio,athlete_bianca-basilio-f,F,60KG,2019
21874,loser,Livia Giles,Livia Giles,athlete_livia-giles-f,F,60KG,2019
13864,winner,Yuri Simoes,Yuri Simoes,athlete_yuri-simoes-m,M,99KG,2017
13864,loser,Roman Dolidze,Roman Dolidze,athlete_roman-dolidze-m,M,99KG,2017
405,winner,Alexandre de Freitas,Alexandre de Freitas,athlete_alexandre-de-freitas-m,M,66KG,2000
405,loser,T. Yano,T. Yano,athlete_t-yano-m,M,66KG,2000
499,winner,Alexandre de Freitas,Alexandre de Freitas,athlete_alexandre-de-freitas-m,M,66KG,2001
499,loser,T. Yano,T. Yano,athlete_t-yano-m,M,66KG,2001
7918,winner,Alexandre Ribeiro,Alexandre Ribeiro,athlete_alexandre-ribeiro-m,M,99KG,2015
7918,loser,Hector Lombard,Hector Lombard,athlete_hector-lombard-m,M,99KG,2015
1668,winner,Andre Galvao,Andre Galvao,athlete_andre-galvao-m,M,ABS,2007
1668,loser,A. Cacareco,A. Cacareco,athlete_a-cacareco-m,M,ABS,2007
7958,winner,Edward Cummings,Edward Cummings,athlete_edward-cummings-m,M,66KG,2015
7958,loser,Asadulaev Surkhay,Asadulaev Surkhay,athlete_asadulaev-surkhay-m,M,66KG,2015
419,winner,Jean Jacques Machado,Jean Jacques Machado,athlete_jean-jacques-machado-m,M,77KG,2000
419,loser,Marcio Cromado,Marcio Cromado,athlete_marcio-cromado-m,M,77KG,2000
7920,winner,Joao Assis,Joao Assis,athlete_joao-assis-m,M,99KG,2015
7920,loser,Kamil Uminski,Kamil Huminski,athlete_kamil-huminski-m,M,99KG,2015
414,winner,Leonardo Vieira,Leonardo Vieira,athlete_leonardo-vieira-m,M,77KG,2000
414,loser,Bob Schirmer,Bob Schirmer,athlete_bob-schirmer-m,M,77KG,2000
1174,winner,Marcelo Garcia,Marcelo Garcia,athlete_marcelo-garcia-m,M,77KG,2005
1174,loser,Chris Brennan,Chris Brennan,athlete_chris-brennan-m,M,77KG,2005
333,winner,Ricardo Almeida,Ricardo Almeida,athlete_ricardo-almeida-m,M,99KG,1999
333,loser,Gao Hua,Gao Hua,athlete_gao-hua-m,M,99KG,1999
829,winner,Ricardo Arona,Ricardo Arona,athlete_ricardo-arona-m,M,ABS,2003
829,loser,Mark Kerr,Mark Kerr,athlete_mark-kerr-m,M,ABS,2003
3277,winner,Roberto Abreu,Roberto Abreu,athlete_roberto-abreu-m,M,+99KG,2011
3277,loser,Glover Teixeira,Glover Teixeira,athlete_glover-teixeira-m,M,+99KG,2011
1205,winner,Roger Gracie,Roger Gracie,athlete_roger-gracie-m,M,99KG,2005
1205,loser,A. Cacareco,A. Cacareco,athlete_a-cacareco-m,M,99KG,2005
3268,winner,Rousimar Palhares,Rousimar Palhares,athlete_rousimar-palhares-m,M,88KG,2011
3268,loser,David Avellan,David Avellan,athlete_david-avellan-m,M,88KG,2011
334,winner,Saulo Ribeiro,Saulo Ribeiro,athlete_saulo-ribeiro-m,M,99KG,1999
334,loser,Mourat Ozov,Mourat Ozov,athlete_mourat-ozov-m,M,99KG,1999
2283,winner,Vinicius Magalhaes,Vinicius Magalhaes,athlete_vinicius-magalhaes-m,M,99KG,2009
2283,loser,Glover Teixeira,Glover Teixeira,athlete_glover-teixeira-m,M,99KG,2009
7901,winner,Vinicius Magalhaes,Vinicius Magalhaes,athlete_vinicius-magalhaes-m,M,+99KG,2015
7901,loser,Rodrigo Artilheiro,Rodrigo Artilheiro,athlete_rodrigo-artilheiro-m,M,+99KG,2015
7950,winner,Gilbert Burns,Gilbert Burns,athlete_gilbert-burns-m,M,77KG,2015
7950,loser,Abdulkadirov Magomed,Abdulkadirov Magomed,athlete_abdulkadirov-magomed-m,M,77KG,2015
13886,winner,Alexandre Ribeiro,Alexandre Ribeiro,athlete_alexandre-ribeiro-m,M,88KG,2017
13886,loser,Rustam Chsiev,Rustam Chsiev,athlete_rustam-chsiev-m,M,88KG,2017
765,winner,Baret Yoshida,Baret Yoshida,athlete_baret-yoshida-m,M,66KG,2003
765,loser,K. Toida,K. Toida,athlete_k-toida-m,M,66KG,2003
3228,winner,Marcelo Garcia,Marcelo Garcia,athlete_marcelo-garcia-m,M,77KG,2011
3228,loser,Davis Heart,Davis Heart,athlete_davis-heart-m,M,77KG,2011
3240,winner,Pablo Popovitch,Pablo Popovitch,athlete_pablo-popovitch-m,M,88KG,2011
3240,loser,Zbigniew Tyszka,Zbigniew Tyszka,athlete_zbigniew-tyszka-m,M,88KG,2011
786,winner,Ricardo Almeida,Ricardo Almeida,athlete_ricardo-almeida-m,M,88KG,2003
786,loser,Davion Peterson,Davion Peterson,athlete_davion-peterson-m,M,88KG,2003
428,winner,Roberto Magalhaes,Roberto Magalhaes,athlete_roberto-magalhaes-m,M,88KG,2000
428,loser,Manu Garcia,Manu Garcia,athlete_manu-garcia-m,M,88KG,2000
21830,winner,Vinicius Magalhaes,Vinicius Magalhaes,athlete_vinicius-magalhaes-m,M,99KG,2019
21830,loser,Dan Martinez,Dan Martinez,athlete_dan-martinez-m,M,99KG,2019
1175,winner,Leonardo Santos,Leonardo Santos,athlete_leonardo-santos-m,M,77KG,2005
1175,loser,Jason Brudvik,Jason Brudvik,athlete_jason-brudvik-m,M,77KG,2005
415,winner,Renzo Gracie,Renzo Gracie,athlete_renzo-gracie-m,M,77KG,2000
415,loser,Dennis Hallman,Dennis Hallman,athlete_dennis-hallman-m,M,77KG,2000
2291,winner,Roberto Abreu,Roberto Abreu,athlete_roberto-abreu-m,M,+99KG,2009
2291,loser,Jeff Monson,Jeff Monson,athlete_jeff-monson-m,M,+99KG,2009
439,winner,Saulo Ribeiro,Saulo Ribeiro,athlete_saulo-ribeiro-m,M,88KG,2000
439,loser,Sasha Savko,Sasha Savko,athlete_sasha-savko-m,M,88KG,2000
775,winner,Vitor Ribeiro,Vitor Ribeiro,athlete_vitor-ribeiro-m,M,77KG,2003
775,loser,Jason Ramsterrer,Jason Ramsterrer,athlete_jason-ramsterrer-m,M,77KG,2003
367,winner,Ricco Rodriguez,Ricco Rodriguez,athlete_ricco-rodriguez-m,M,ABS,1999
367,loser,Murilo Bustamante,Murilo Bustamante,athlete_murilo-bustamante-m,M,ABS,1999
2246,winner,Gregor Gracie,Gregor Gracie,athlete_gregor-gracie-m,M,77KG,2009
2246,loser,Murilo Santana,Murilo Santana,athlete_murilo-santana-m,M,77KG,2009
1704,winner,Flavio Almeida,Flavio Almeida,athlete_flavio-almeida-m,M,88KG,2007
1704,loser,Romulo Barral,Romulo Barral,athlete_romulo-barral-m,M,88KG,2007
35080,winner,Beatriz Mesquita,Beatriz Mesquita,athlete_beatriz-mesquita-f,F,60KG,2022
35080,loser,Bianca Basilio,Bianca Basilio,athlete_bianca-basilio-f,F,60KG,2022
7947,winner,Gabriel Rollo,Gabriel Rollo,athlete_gabriel-rollo-m,M,77KG,2015
7947,loser,Enrico Cocco,Enrico Cocco,athlete_enrico-cocco-m,M,77KG,2015
13955,winner,Bianca Mesquita,Bianca Mesquita,athlete_bianca-mesquita-f,F,60KG,2017
13955,loser,Bianca Basilio,Bianca Basilio,athlete_bianca-basilio-f,F,60KG,2017
1196,winner,Vitor Viana,Vitor Viana,athlete_vitor-viana-m,M,99KG,2005
1196,loser,Braulio Estima,Braulio Estima,athlete_braulio-estima-m,M,99KG,2005
2278,winner,Glover Teixeira,Glover Teixeira,athlete_glover-teixeira-m,M,99KG,2009
2278,loser,Dean Lister,Dean Lister,athlete_dean-lister-m,M,99KG,2009
7981,winner,Jessica Oliveira,Jessica Oliveira,athlete_jessica-oliveira-f,F,+60KG,2015
7981,loser,Gabrielle Garcia,Gabrielle Garcia,athlete_gabrielle-garcia-f,F,+60KG,2015
13879,winner,Ruslam Chsiev,Ruslam Chsiev,athlete_ruslam-chsiev-m,M,88KG,2017
13879,loser,Jesse Urholin,Jesse Urholin,athlete_jesse-urholin-m,M,88KG,2017
352,winner,Sean Alvarez,Sean Alvarez,athlete_sean-alvarez-m,M,+99KG,1999
352,loser,Ricco Rodriguez,Ricco Rodriguez,athlete_ricco-rodriguez-m,M,+99KG,1999
458,winner,Mark Kerr,Mark Kerr,athlete_mark-kerr-m,M,+99KG,2000
458,loser,Ricco Rodriguez,Ricco Rodriguez,athlete_ricco-rodriguez-m,M,+99KG,2000
554,winner,Mark Robinson,Mark Robinson,athlete_mark-robinson-m,M,+99KG,2001
554,loser,Ricco Rodriguez,Ricco Rodriguez,athlete_ricco-rodriguez-m,M,+99KG,2001
566,winner,Vitor Belfort,Vitor Belfort,athlete_vitor-belfort-m,M,ABS,2001
566,loser,Ricco Rodriguez,Ricco Rodriguez,athlete_ricco-rodriguez-m,M,ABS,2001
1214,winner,Gabriel Napao,Gabriel Napao,athlete_gabriel-napao-m,M,+99KG,2005
1214,loser,Ricco Rodriguez,Ricco Rodriguez,athlete_ricco-rodriguez-m,M,+99KG,2005
21819,winner,John Hansen,John Hansen,athlete_john-hansen-m,M,+99KG,2019
21819,loser,Max Gimenis,Max Gimenis,athlete_max-gimenis-m,M,+99KG,2019
805,winner,A. Cacareco,A. Cacareco,athlete_a-cacareco-m,M,99KG,2003
805,loser,Alexandre Ribeiro,Alexandre Ribeiro,athlete_alexandre-ribeiro-m,M,99KG,2003
1658,winner,David Avellan,David Avellan,athlete_david-avellan-m,M,ABS,2007
1658,loser,Alexandre Ribeiro,Alexandre Ribeiro,athlete_alexandre-ribeiro-m,M,ABS,2007
35030,winner,Eoghan OFlannagan,Eoghan OFlanagan,athlete_eoghan-oflanagan-m,M,88KG,2022
35030,loser,Alexandre Ribeiro,Alexandre Ribeiro,athlete_alexandre-ribeiro-m,M,88KG,2022
21878,winner,Ana Carolina Vieira,Ana Carolina Vieira,athlete_ana-carolina-vieira-f,F,+60KG,2019
21878,loser,Amanda Leve,Amanda Leve,athlete_amanda-leve-f,F,+60KG,2019
1667,winner,Robert Drysdale,Robert Drysdale,athlete_robert-drysdale-m,M,ABS,2007
1667,loser,Andre Galvao,Andre Galvao,athlete_andre-galvao-m,M,ABS,2007
361,winner,Garth Taylor,Garth Taylor,athlete_garth-taylor-m,M,ABS,1999
361,loser,Baret Yoshida,Baret Yoshida,athlete_baret-yoshida-m,M,ABS,1999
324,winner,Kareem Barkalev,Kareem Barkalev,athlete_kareem-barkalev-m,M,88KG,1999
324,loser,Amaury Bitetti,Amaury Bitetti,athlete_amaury-bitetti-m,M,88KG,1999
310,winner,Sasha Palvski,Sasha Palvski,athlete_sasha-palvski-m,M,66KG,1999
310,loser,Baret Yoshida,Baret Yoshida,athlete_baret-yoshida-m,M,66KG,1999
1223,winner,Gabriel Napao,Gabriel Napao,athlete_gabriel-napao-m,M,ABS,2005
1223,loser,Eduardo Telles,Eduardo Telles,athlete_eduardo-telles-m,M,ABS,2005
825,winner,A. Cacareco,A. Cacareco,athlete_a-cacareco-m,M,ABS,2003
825,loser,Fabricio Werdum,Fabricio Werdum,athlete_fabricio-werdum-m,M,ABS,2003
1217,winner,Jeff Monson,Jeff Monson,athlete_jeff-monson-m,M,+99KG,2005
1217,loser,Fabricio Werdum,Fabricio Werdum,athlete_fabricio-werdum-m,M,+99KG,2005
5025,winner,Kamil Uminski,Kamil Huminski,athlete_kamil-huminski-m,M,99KG,2013
5025,loser,James Puopolo,James Puopolo,athlete_james-puopolo-m,M,99KG,2013
2251,winner,Gregor Gracie,Gregor Gracie,athlete_gregor-gracie-m,M,77KG,2009
2251,loser,Leonardo Santos,Leonardo Santos,athlete_leonardo-santos-m,M,77KG,2009
1225,winner,A. Cacareco,A. Cacareco,athlete_a-cacareco-m,M,ABS,2005
1225,loser,Leonardo Santos,Leonardo Santos,athlete_leonardo-santos-m,M,ABS,2005
459,winner,Mark Kerr,Mark Kerr,athlete_mark-kerr-m,M,ABS,2000
459,loser,Leonardo Vieira,Leonardo Vieira,athlete_leonardo-vieira-m,M,ABS,2000
13957,winner,Chael Sonnen,Chael Sonnen,athlete_chael-sonnen-m,M,ABS,2017
13957,loser,Leonardo Vieira,Leonardo Vieira,athlete_leonardo-vieira-m,M,ABS,2017
1669,winner,Robert Drysdale,Robert Drysdale,athlete_robert-drysdale-m,M,ABS,2007
1669,loser,Marcelo Garcia,Marcelo Garcia,athlete_marcelo-garcia-m,M,ABS,2007
1721,winner,Rolles Gracie,Rolles Gracie,athlete_rolles-gracie-m,M,+99KG,2007
1721,loser,Marcio Cruz,Marcio Cruz,athlete_marcio-cruz-m,M,+99KG,2007
1216,winner,Gabriel Napao,Gabriel Napao,athlete_gabriel-napao-m,M,+99KG,2005
1216,loser,Marcio Cruz,Marcio Cruz,athlete_marcio-cruz-m,M,+99KG,2005
35036,winner,Eoghan Oflanagan,Eoghan Oflanagan,athlete_eoghan-oflanagan-m,M,88KG,2022
35036,loser,Mason Fowler,Mason Fowler,athlete_mason-fowler-m,M,88KG,2022
325,winner,Egan Inoue,Egan Inoue,athlete_egan-inoue-m,M,88KG,1999
325,loser,Renzo Gracie,Renzo Gracie,athlete_renzo-gracie-m,M,88KG,1999
337,winner,Murilo Bustamante,Murilo Bustamante,athlete_murilo-bustamante-m,M,99KG,1999
337,loser,Ricardo Almeida,Ricardo Almeida,athlete_ricardo-almeida-m,M,99KG,1999
528,winner,Egan Inoue,Egan Inoue,athlete_egan-inoue-m,M,88KG,2001
528,loser,Ricardo Liborio,Ricardo Liborio,athlete_ricardo-liborio-m,M,88KG,2001
2270,winner,David Avellan,David Avellan,athlete_david-avellan-m,M,88KG,2009
2270,loser,Rafael Lovato Jr,Rafael Lovato Jr,athlete_rafael-lovato-jr-m,M,88KG,2009
7935,winner,Rustam Chsiev,Rustam Chsiev,athlete_rustam-chsiev-m,M,88KG,2015
7935,loser,Rafael Lovato Jr,Rafael Lovato Jr,athlete_rafael-lovato-jr-m,M,88KG,2015
443,winner,Matt Hughes,Matt Hughes,athlete_matt-hughes-m,M,99KG,2000
443,loser,Ricardo Almeida,Ricardo Almeida,athlete_ricardo-almeida-m,M,99KG,2000
463,winner,Mark Kerr,Mark Kerr,athlete_mark-kerr-m,M,ABS,2000
463,loser,Ricardo Almeida,Ricardo Almeida,athlete_ricardo-almeida-m,M,ABS,2000
328,winner,Sasha Savko,Sasha Savko,athlete_sasha-savko-m,M,88KG,1999
328,loser,Ricardo Liborio,Ricardo Liborio,athlete_ricardo-liborio-m,M,88KG,1999
456,winner,Mark Kerr,Mark Kerr,athlete_mark-kerr-m,M,+99KG,2000
456,loser,Rigan Machado,Rigan Machado,athlete_rigan-machado-m,M,+99KG,2000
536,winner,Olav Einemo,Olav Einemo,athlete_olav-einemo-m,M,99KG,2001
536,loser,Rigan Machado,Rigan Machado,athlete_rigan-machado-m,M,99KG,2001
336,winner,Jeff Monson,Jeff Monson,athlete_jeff-monson-m,M,99KG,1999
336,loser,Roberto Traven,Roberto Traven,athlete_roberto-traven-m,M,99KG,1999
5008,winner,David Avellan,David Avellan,athlete_david-avellan-m,M,88KG,2013
5008,loser,Rodrigo Caporal,Rodrigo Caporal,athlete_rodrigo-caporal-m,M,88KG,2013
464,winner,Tito Ortiz,Tito Ortiz,athlete_tito-ortiz-m,M,ABS,2000
464,loser,Rodrigo Medeiros,Rodrigo Medeiros,athlete_rodrigo-medeiros-m,M,ABS,2000
806,winner,Olav Einemo,Olav Einemo,athlete_olav-einemo-m,M,99KG,2003
806,loser,Roger Gracie,Roger Gracie,athlete_roger-gracie-m,M,99KG,2003
3239,winner,Kyle Griffin,Kyle Griffin,athlete_kyle-griffin-m,M,88KG,2011
3239,loser,Romulo Barral,Romulo Barral,athlete_romulo-barral-m,M,88KG,2011
7938,winner,Rustam Chsiev,Rustam Chsiev,athlete_rustam-chsiev-m,M,88KG,2015
7938,loser,Romulo Barral,Romulo Barral,athlete_romulo-barral-m,M,88KG,2015
1687,winner,Mike Fowler,Mike Fowler,athlete_mike-fowler-m,M,77KG,2007
1687,loser,Saulo Ribeiro,Saulo Ribeiro,athlete_saulo-ribeiro-m,M,77KG,2007
532,winner,Sanae Kikuta,Sanae Kikuta,athlete_sanae-kikuta-m,M,88KG,2001
532,loser,Saulo Ribeiro,Saulo Ribeiro,athlete_saulo-ribeiro-m,M,88KG,2001
1663,winner,A. Cacareco,A. Cacareco,athlete_a-cacareco-m,M,ABS,2007
1663,loser,Tarsis Humpreys,Tarsis Humpreys,athlete_tarsis-humpreys-m,M,ABS,2007
35059,winner,John Hansen,John Hansen,athlete_john-hansen-m,M,+99KG,2022
35059,loser,Vinicius Magalhaes,Vinicius Magalhaes,athlete_vinicius-magalhaes-m,M,+99KG,2022
35011,winner,Mateusz Szczecinski,Mateusz Szczecinski,athlete_mateusz-szczecinski-m,M,77KG,2022
35011,loser,William Tackett,William Tackett,athlete_william-tackett-m,M,77KG,2022
4982,winner,Nicolas Renier,Nicolas Renier,athlete_nicolas-renier-m,M,66KG,2013
4982,loser,Baret Yoshida,Baret Yoshida,athlete_baret-yoshida-m,M,66KG,2013
5011,winner,Oskar Piechota,Oskar Piechota,athlete_oskar-piechota-m,M,88KG,2013
5011,loser,Claudio Calasans,Claudio Calasans,athlete_claudio-calasans-m,M,88KG,2013
13948,winner,E. Karpinen,E. Karppinen,athlete_e-karppinen-f,F,60KG,2017
13948,loser,Mackenzie Dern,Mackenzie Dern,athlete_mackenzie-dern-f,F,60KG,2017
13909,winner,Kuba Witkowski,Kuba Witkowski,athlete_kuba-witkowski-m,M,66KG,2017
13909,loser,Baret Yoshida,Baret Yoshida,athlete_baret-yoshida-m,M,66KG,2017
492,winner,Mark Kerr,Mark Kerr,athlete_mark-kerr-m,M,ABS,2001
492,loser,Jose Mario Sperry,Jose Mario Sperry,athlete_jose-mario-sperry-m,M,ABS,2001
550,winner,Sean Alvarez,Sean Alvarez,athlete_sean-alvarez-m,M,+99KG,2001
550,loser,Marcio Cruz,Marcio Cruz,athlete_marcio-cruz-m,M,+99KG,2001
445,winner,Jeff Monson,Jeff Monson,athlete_jeff-monson-m,M,99KG,2000
445,loser,Rodrigo Medeiros,Rodrigo Medeiros,athlete_rodrigo-medeiros-m,M,99KG,2000
2294,winner,Jeff Monson,Jeff Monson,athlete_jeff-monson-m,M,+99KG,2009
2294,loser,Saulo Ribeiro,Saulo Ribeiro,athlete_saulo-ribeiro-m,M,+99KG,2009
2263,winner,David Avellan,David Avellan,athlete_david-avellan-m,M,88KG,2009
2263,loser,Tarsis Humpreys,Tarsis Humpreys,athlete_tarsis-humpreys-m,M,88KG,2009
3304,winner,Gunnar Nelson,Gunnar Nelson,athlete_gunnar-nelson-m,M,ABS,2011
3304,loser,Bruno Frazatto,Bruno Frazatto,athlete_bruno-frazatto-m,M,ABS,2011
368,winner,Hayato Sakurai,Hayato Sakurai,athlete_hayato-sakurai-m,M,ABS,1999
368,loser,Ricco Rodriguez,Ricco Rodriguez,athlete_ricco-rodriguez-m,M,ABS,1999
818,winner,A. Cacareco,A. Cacareco,athlete_a-cacareco-m,M,ABS,2003
818,loser,Rodrigo Medeiros,Rodrigo Medeiros,athlete_rodrigo-medeiros-m,M,ABS,2003
341,winner,Jeff Monson,Jeff Monson,athlete_jeff-monson-m,M,99KG,1999
341,loser,Saulo Ribeiro,Saulo Ribeiro,athlete_saulo-ribeiro-m,M,99KG,1999
35076,winner,Beatriz Mesquita,Beatriz Mesquita,athlete_beatriz-mesquita-f,F,60KG,2022
35076,loser,Mayssa Bastos,Mayssa Bastos,athlete_mayssa-bastos-f,F,60KG,2022
340,winner,Jeff Monson,Jeff Monson,athlete_jeff-monson-m,M,99KG,1999
340,loser,Rigan Machado,Rigan Machado,athlete_rigan-machado-m,M,99KG,1999
